,fit_time,batch_size,hidden_layers,learning_rate,n_weights,test_score,rank,actual_weights
0,5.793307971954346,10,1,0.1,50,0.0011811141019279602,492,52
1,6.7663061141967775,10,1,0.1,100,0.00025374092219863085,490,100
2,10.981434106826782,10,1,0.1,500,0.024797618825687096,652,502
3,9.156514883041382,10,1,0.1,1000,0.032000896742101756,667,1000
4,8.496280145645141,10,1,0.1,5000,0.0388912096619606,702,5002
5,9.503387355804444,10,1,0.1,10000,0.039459527283906934,735,10000
6,16.34110321998596,10,1,0.1,50000,0.03902928903698921,716,50002
7,11.173920011520385,10,1,0.01,50,1.7464259690314067e-05,445,52
8,8.276269340515137,10,1,0.01,100,8.02640529400378e-06,422,100
9,9.643413305282593,10,1,0.01,500,1.0094084245793056e-06,329,502
10,10.926382493972778,10,1,0.01,1000,1.124088047532723e-07,227,1000
11,12.688470888137818,10,1,0.01,5000,1.6914546563384647e-07,249,5002
12,18.16642279624939,10,1,0.01,10000,4.839942420176158e-07,291,10000
13,30.243326568603514,10,1,0.01,50000,0.00761614232677772,541,50002
14,17.55226364135742,10,1,0.005,50,2.9193660975579405e-05,467,52
15,10.152051496505738,10,1,0.005,100,6.888014149808442e-06,414,100
16,13.12729606628418,10,1,0.005,500,1.4975364877045648e-07,243,502
17,14.540318250656128,10,1,0.005,1000,5.2627369129254475e-08,174,1000
18,19.080776739120484,10,1,0.005,5000,1.6675112021857786e-06,360,5002
19,24.703142404556274,10,1,0.005,10000,3.7397021301899255e-08,153,10000
20,30.488671112060548,10,1,0.005,50000,1.809267318186869e-08,117,50002
21,21.350108337402343,10,1,0.001,50,6.484260652541706e-05,487,52
22,14.33187518119812,10,1,0.001,100,2.717547108659346e-05,465,100
23,14.305545806884766,10,1,0.001,500,1.2808772851258254e-07,238,502
24,15.373490524291991,10,1,0.001,1000,6.761894537632429e-08,186,1000
25,16.112628602981566,10,1,0.001,5000,5.0296608122835095e-08,173,5002
26,15.618042230606079,10,1,0.001,10000,3.7943440744925283e-07,280,10000
27,29.985816097259523,10,1,0.001,50000,8.399320585716908e-08,204,50002
28,19.116481065750122,10,2,0.1,50,0.03280614089453593,669,57
29,10.908828449249267,10,2,0.1,100,0.015173329127719626,596,117
30,9.945006179809571,10,2,0.1,500,0.011679508155793883,584,525
31,13.099171876907349,10,2,0.1,1000,0.024522440310101958,649,1053
32,12.38448338508606,10,2,0.1,5000,0.042103128880262373,748,5026
33,11.326911211013794,10,2,0.1,10000,0.03964669331908226,738,10181
34,13.859937238693238,10,2,0.1,50000,0.04029461219906807,743,50124
35,11.699514150619507,10,2,0.01,50,0.024528845438362624,650,57
36,15.345565176010131,10,2,0.01,100,1.4759056284674443e-05,441,117
37,15.395630836486816,10,2,0.01,500,1.2793095811503008e-05,436,525
38,15.29111065864563,10,2,0.01,1000,8.848669017424981e-06,426,1053
39,13.95408592224121,10,2,0.01,5000,2.0136352603117302e-06,364,5026
40,16.153205394744873,10,2,0.01,10000,2.0547947571003532e-06,365,10181
41,20.875178575515747,10,2,0.01,50000,5.795752579729197e-06,407,50124
42,16.523214721679686,10,2,0.005,50,0.00702047341492289,524,57
43,20.468066596984862,10,2,0.005,100,0.016018514998859246,612,117
44,11.299185180664063,10,2,0.005,500,1.7929941918737312e-06,362,525
45,14.542911767959595,10,2,0.005,1000,5.971004867433294e-07,305,1053
46,20.004705953598023,10,2,0.005,5000,6.21148402046856e-08,183,5026
47,19.591012382507323,10,2,0.005,10000,1.9708888814307103e-07,253,10181
48,22.330885553359984,10,2,0.005,50000,1.6548209460509611e-07,248,50124
49,18.40638017654419,10,2,0.001,50,0.0177860321053231,624,57
50,29.952130842208863,10,2,0.001,100,7.216155199785135e-06,416,117
51,18.14388198852539,10,2,0.001,500,5.773491739091696e-06,405,525
52,16.288064193725585,10,2,0.001,1000,3.052288676030912e-06,381,1053
53,15.571604824066162,10,2,0.001,5000,2.6784933808698953e-07,266,5026
54,15.98114104270935,10,2,0.001,10000,7.379093105441826e-08,197,10181
55,21.90422682762146,10,2,0.001,50000,6.704949697677876e-08,185,50124
56,14.79244384765625,10,3,0.1,50,0.03503854157170281,670,59
57,15.283729743957519,10,3,0.1,100,0.04176956191658974,747,119
58,16.91895761489868,10,3,0.1,500,0.030742332656518555,661,527
59,14.501429891586303,10,3,0.1,1000,0.03159871368843596,663,1055
60,18.36572961807251,10,3,0.1,5000,0.0424618273973465,750,5183
61,16.340321445465086,10,3,0.1,10000,0.0390703521668911,719,10183
62,20.641602945327758,10,3,0.1,50000,0.0389099083840847,707,50319
63,19.32512273788452,10,3,0.01,50,0.00868741192844027,575,59
64,17.49401960372925,10,3,0.01,100,2.2187289459907333e-05,454,119
65,17.89674243927002,10,3,0.01,500,0.014424551163790511,588,527
66,14.35122365951538,10,3,0.01,1000,3.7583335938506933e-06,388,1055
67,19.185097026824952,10,3,0.01,5000,3.460424637324877e-06,384,5183
68,22.324303436279298,10,3,0.01,10000,1.1160213688299337e-06,337,10183
69,32.725290060043335,10,3,0.01,50000,8.693919610891498e-07,321,50319
70,25.999488639831544,10,3,0.005,50,0.015431835682966267,601,59
71,27.204506969451906,10,3,0.005,100,9.198601628668256e-06,429,119
72,22.549926424026488,10,3,0.005,500,2.3799216762654396e-05,459,527
73,15.759657526016236,10,3,0.005,1000,2.633885696923244e-06,374,1055
74,15.805733823776245,10,3,0.005,5000,2.7819600063594406e-07,269,5183
75,23.08766198158264,10,3,0.005,10000,1.069704655520809e-07,221,10183
76,25.80699028968811,10,3,0.005,50000,1.2004791258846125e-07,234,50319
77,30.216199922561646,10,3,0.001,50,0.007621136053012378,545,59
78,23.454480504989625,10,3,0.001,100,0.008451960425236393,567,119
79,15.42634882926941,10,3,0.001,500,2.7299380917611414e-06,376,527
80,15.89609317779541,10,3,0.001,1000,2.1492817836588074e-06,366,1055
81,15.087255430221557,10,3,0.001,5000,7.633696384345967e-07,312,5183
82,15.060327625274658,10,3,0.001,10000,1.3939365224757693e-06,350,10183
83,26.802528619766235,10,3,0.001,50000,2.2983829275347035e-07,262,50319
84,9.225929880142212,30,1,0.1,50,1.7273828052566387e-05,443,52
85,7.057527923583985,30,1,0.1,100,1.3627427870233078e-05,440,100
86,6.6340601444244385,30,1,0.1,500,0.02385053045945824,646,502
87,5.642112493515015,30,1,0.1,1000,0.03930881470441818,731,1000
88,6.219368982315063,30,1,0.1,5000,0.038895216584205625,703,5002
89,8.273475980758667,30,1,0.1,10000,0.03886861428618431,698,10000
90,27.540156221389772,30,1,0.1,50000,0.03881023675203323,692,50002
91,18.5306480884552,30,1,0.01,50,3.222666191504686e-05,471,52
92,4.878155899047852,30,1,0.01,100,4.729757665700163e-06,396,100
93,5.534799718856812,30,1,0.01,500,1.026604707021761e-07,218,502
94,8.457583570480347,30,1,0.01,1000,3.1546795575820854e-08,141,1000
95,9.77745499610901,30,1,0.01,5000,3.416270955014511e-08,149,5002
96,13.751427364349365,30,1,0.01,10000,1.9941953777191655e-08,123,10000
97,33.73598756790161,30,1,0.01,50000,6.486337530864361e-07,307,50002
98,19.444603824615477,30,1,0.005,50,5.329296204763523e-05,484,52
99,11.853302764892579,30,1,0.005,100,5.777827550446091e-06,406,100
100,8.16775884628296,30,1,0.005,500,5.650818621916187e-08,176,502
101,7.100611972808838,30,1,0.005,1000,7.68963179353932e-08,198,1000
102,8.372211980819703,30,1,0.005,5000,2.6958198334758875e-08,132,5002
103,12.095854759216309,30,1,0.005,10000,1.5047177531757328e-08,106,10000
104,43.090372467041014,30,1,0.005,50000,2.378130159463865e-08,128,50002
105,27.06761932373047,30,1,0.001,50,0.0016650539690544973,506,52
106,18.056515789031984,30,1,0.001,100,7.3763628620326925e-06,417,100
107,12.651169872283935,30,1,0.001,500,6.160544891997688e-08,182,502
108,11.258294200897216,30,1,0.001,1000,2.9972368942310367e-08,139,1000
109,11.147989511489868,30,1,0.001,5000,8.402046491884364e-09,82,5002
110,17.96118383407593,30,1,0.001,10000,2.7583157979904627e-09,53,10000
111,26.33703022003174,30,1,0.001,50000,1.5817609374524367e-07,246,50002
112,13.448061084747314,30,2,0.1,50,0.0006497421614767518,491,57
113,9.2069806098938,30,2,0.1,100,0.014544637651306402,591,117
114,6.672556066513062,30,2,0.1,500,1.3402189824773814e-05,438,525
115,7.218297910690308,30,2,0.1,1000,7.779656857564987e-05,489,1053
116,7.4379112243652346,30,2,0.1,5000,0.03908758088946342,722,5026
117,9.12659502029419,30,2,0.1,10000,0.03956665620207787,737,10181
118,12.960342407226562,30,2,0.1,50000,0.03919956460595131,728,50124
119,10.457037591934204,30,2,0.01,50,0.008377819864836055,557,57
120,10.771196794509887,30,2,0.01,100,7.729131175437942e-06,419,117
121,6.7423707962036135,30,2,0.01,500,1.3272479918668979e-06,347,525
122,6.286788606643677,30,2,0.01,1000,4.1296585720829174e-06,392,1053
123,8.479724502563476,30,2,0.01,5000,1.8355417772397686e-07,251,5026
124,7.27913465499878,30,2,0.01,10000,7.189155448728002e-08,194,10181
125,12.790597057342529,30,2,0.01,50000,4.990970586149501e-07,292,50124
126,10.107771253585815,30,2,0.005,50,0.0074967503432617376,531,57
127,12.613271236419678,30,2,0.005,100,1.122637822845718e-05,434,117
128,6.77488341331482,30,2,0.005,500,1.215333861637191e-06,342,525
129,7.01384425163269,30,2,0.005,1000,5.994774710416095e-07,306,1053
130,7.331395006179809,30,2,0.005,5000,1.1851440682164593e-07,233,5026
131,7.156663084030152,30,2,0.005,10000,3.019623889599643e-07,273,10181
132,10.504310274124146,30,2,0.005,50000,8.7524676750661e-08,206,50124
133,18.97695713043213,30,2,0.001,50,0.00844592275229843,565,57
134,23.545746326446533,30,2,0.001,100,0.0015749085656580064,498,117
135,14.163338470458985,30,2,0.001,500,5.399392989602347e-06,400,525
136,11.04705901145935,30,2,0.001,1000,3.288877465479345e-07,277,1053
137,9.934833240509032,30,2,0.001,5000,7.142349289779304e-08,193,5026
138,13.305420398712158,30,2,0.001,10000,1.911896365669463e-08,120,10181
139,15.075288438796997,30,2,0.001,50000,1.77930672418114e-08,115,50124
140,8.962034559249878,30,3,0.1,50,0.023636291550428724,642,59
141,7.62042236328125,30,3,0.1,100,0.02324853010213701,634,119
142,7.0052672863006595,30,3,0.1,500,0.008331030213184931,552,527
143,6.756333112716675,30,3,0.1,1000,0.016971996022766687,620,1055
144,7.603069496154785,30,3,0.1,5000,0.03068088620893832,660,5183
145,7.481993341445923,30,3,0.1,10000,0.03945827186107635,734,10183
146,16.152008247375488,30,3,0.1,50000,0.03930870369076729,730,50319
147,13.782344865798951,30,3,0.01,50,0.007515646401782305,533,59
148,6.549485540390014,30,3,0.01,100,0.015195017293444834,597,119
149,6.825348234176635,30,3,0.01,500,4.814865667412959e-06,397,527
150,7.383057355880737,30,3,0.01,1000,5.451640674891678e-06,401,1055
151,9.076329946517944,30,3,0.01,5000,2.0999344414462938e-07,258,5183
152,8.256521797180175,30,3,0.01,10000,8.062503113137609e-07,315,10183
153,11.565273571014405,30,3,0.01,50000,2.2448503624428183e-06,367,50319
154,9.241886758804322,30,3,0.005,50,0.015344185421417933,599,59
155,7.8689580917358395,30,3,0.005,100,4.5758752639812884e-05,482,119
156,7.776006555557251,30,3,0.005,500,4.971399562236911e-06,398,527
157,6.153345823287964,30,3,0.005,1000,1.080464079450394e-06,334,1055
158,7.297286558151245,30,3,0.005,5000,1.0835344070869724e-06,335,5183
159,9.229519319534301,30,3,0.005,10000,3.225122569006089e-07,275,10183
160,13.565937566757203,30,3,0.005,50000,3.9971805252392303e-07,282,50319
161,21.148255157470704,30,3,0.001,50,3.158803401674959e-05,470,59
162,17.14674825668335,30,3,0.001,100,0.007615762484920197,540,119
163,17.968550825119017,30,3,0.001,500,8.033795182882386e-06,423,527
164,13.324170303344726,30,3,0.001,1000,2.677167822184856e-06,375,1055
165,9.42519588470459,30,3,0.001,5000,1.3434187131622367e-07,239,5183
166,10.275921201705932,30,3,0.001,10000,1.621666527285015e-07,247,10183
167,10.596862888336181,30,3,0.001,50000,1.612262670036557e-08,110,50319
168,5.171371650695801,80,1,0.1,50,3.810728480857506e-06,389,52
169,3.7918605327606203,80,1,0.1,100,5.507654259417905e-06,402,100
170,2.8874785900115967,80,1,0.1,500,0.024555331237215226,651,502
171,3.2890059471130373,80,1,0.1,1000,0.03883903995156288,695,1000
172,4.491589736938477,80,1,0.1,5000,0.038786441832780835,689,5002
173,8.030725145339966,80,1,0.1,10000,0.0387538380920887,682,10000
174,33.05820007324219,80,1,0.1,50000,0.03874929025769234,679,50002
175,16.385184001922607,80,1,0.01,50,3.847188027066295e-05,479,52
176,4.270182085037232,80,1,0.01,100,3.5294720419187796e-06,386,100
177,4.158080959320069,80,1,0.01,500,3.33743184199875e-08,147,502
178,5.413524436950683,80,1,0.01,1000,3.5582535251599268e-09,57,1000
179,12.099844312667846,80,1,0.01,5000,1.4458587715981964e-09,43,5002
180,14.851485967636108,80,1,0.01,10000,4.43227140323188e-08,160,10000
181,46.691942644119266,80,1,0.01,50000,1.3779755221321465e-07,240,50002
182,19.162557744979857,80,1,0.005,50,0.001644144591409713,505,52
183,8.46815595626831,80,1,0.005,100,2.948082260445517e-06,380,100
184,6.678741073608398,80,1,0.005,500,4.396552615304472e-08,159,502
185,4.417387914657593,80,1,0.005,1000,1.0986366039134055e-08,91,1000
186,6.570031261444091,80,1,0.005,5000,7.727199202722801e-08,199,5002
187,22.799032783508302,80,1,0.005,10000,5.445745632215448e-10,31,10000
188,47.229305267333984,80,1,0.005,50000,3.9889624656175296e-08,154,50002
189,22.812798023223877,80,1,0.001,50,3.699385870277183e-05,476,52
190,11.724448823928833,80,1,0.001,100,2.1991861694914404e-05,453,100
191,15.260990762710572,80,1,0.001,500,4.147077206084759e-08,157,502
192,12.174052619934082,80,1,0.001,1000,1.4468457454341888e-08,104,1000
193,13.948098278045654,80,1,0.001,5000,7.139782959297847e-10,37,5002
194,21.91260471343994,80,1,0.001,10000,5.054590385134006e-10,29,10000
195,44.23291807174682,80,1,0.001,50000,1.2800301152360306e-09,40,50002
196,16.266901206970214,80,2,0.1,50,0.015977015132830275,611,57
197,7.544025802612305,80,2,0.1,100,0.00833325029552725,554,117
198,6.929071283340454,80,2,0.1,500,0.008360247434211487,556,525
199,5.084005975723267,80,2,0.1,1000,0.03206390007107984,668,1053
200,4.557812213897705,80,2,0.1,5000,0.038907382637262344,706,5026
201,5.72030348777771,80,2,0.1,10000,0.03902758881449699,715,10181
202,7.006863307952881,80,2,0.1,50000,0.03906872496008873,718,50124
203,5.309203433990478,80,2,0.01,50,0.008480459460724888,572,57
204,8.184314632415772,80,2,0.01,100,0.007582123646898253,537,117
205,5.279482793807984,80,2,0.01,500,1.476946067668905e-06,352,525
206,4.52609601020813,80,2,0.01,1000,6.953821525712555e-07,311,1053
207,4.931612348556518,80,2,0.01,5000,2.702534537490919e-07,268,5026
208,4.653556489944458,80,2,0.01,10000,7.278786853248676e-08,196,10181
209,5.293245649337768,80,2,0.01,50000,9.733849202220312e-08,214,50124
210,9.266620635986328,80,2,0.005,50,0.008316152073894046,550,57
211,7.2288689613342285,80,2,0.005,100,0.007507865949992265,532,117
212,5.439455366134643,80,2,0.005,500,1.1363245448592352e-06,339,525
213,5.707138442993164,80,2,0.005,1000,3.636955398178543e-07,279,1053
214,4.989059257507324,80,2,0.005,5000,5.953575268335953e-08,178,5026
215,5.469174909591675,80,2,0.005,10000,4.147513035235306e-08,158,10181
216,6.70487060546875,80,2,0.005,50000,1.0165921482396812e-08,88,50124
217,10.275322914123535,80,2,0.001,50,0.008450176210089921,566,57
218,14.659798336029052,80,2,0.001,100,0.0015644782273739112,497,117
219,8.973603820800781,80,2,0.001,500,4.2747481074911775e-06,394,525
220,8.611173582077026,80,2,0.001,1000,8.467908628517762e-07,319,1053
221,8.302799034118653,80,2,0.001,5000,5.971146315175701e-08,180,5026
222,8.632515668869019,80,2,0.001,10000,1.2520751369038408e-08,98,10181
223,10.998788213729858,80,2,0.001,50000,2.9186540073666833e-09,55,50124
224,6.979536485671997,80,3,0.1,50,0.023120525729609653,632,59
225,4.636202764511109,80,3,0.1,100,0.008472566334239673,571,119
226,3.5000404834747316,80,3,0.1,500,0.015266139336563355,598,527
227,3.5958870887756347,80,3,0.1,1000,0.015950068108077177,610,1055
228,6.424957275390625,80,3,0.1,5000,0.0390747219324112,720,5183
229,6.417449140548706,80,3,0.1,10000,0.039084731787443164,721,10183
230,8.885639429092407,80,3,0.1,50000,0.039171557128429416,727,50319
231,6.304940176010132,80,3,0.01,50,0.022839919157559053,627,59
232,5.263724851608276,80,3,0.01,100,2.6866343250731007e-05,464,119
233,3.439203310012817,80,3,0.01,500,0.006946145369875012,518,527
234,4.061140489578247,80,3,0.01,1000,1.123030665439728e-06,338,1055
235,3.7914618492126464,80,3,0.01,5000,6.933689718380264e-07,310,5183
236,4.870376205444336,80,3,0.01,10000,1.7062723962624203e-07,250,10183
237,5.584866380691528,80,3,0.01,50000,3.204662414546533e-07,274,50319
238,6.3111231327056885,80,3,0.005,50,6.681490581286197e-05,488,59
239,5.153618860244751,80,3,0.005,100,0.007649721641791984,548,119
240,5.560331153869629,80,3,0.005,500,2.489465850885608e-06,371,527
241,5.3949737548828125,80,3,0.005,1000,5.900133828617981e-07,304,1055
242,4.194982385635376,80,3,0.005,5000,2.48298761107435e-07,263,5183
243,5.306410312652588,80,3,0.005,10000,1.1077312507268289e-07,226,10183
244,6.238717460632325,80,3,0.005,50000,1.0974409114794526e-07,225,50319
245,8.544751405715942,80,3,0.001,50,0.01593167821320094,608,59
246,16.37042393684387,80,3,0.001,100,6.371852168740588e-06,411,119
247,11.241140937805175,80,3,0.001,500,1.3614364405611922e-06,348,527
248,11.177311658859253,80,3,0.001,1000,2.623795751333091e-07,264,1055
249,8.56669249534607,80,3,0.001,5000,9.90536278777654e-08,216,5183
250,7.249415159225464,80,3,0.001,10000,4.506139354987226e-08,164,10183
251,7.397418642044068,80,3,0.001,50000,7.61259517645385e-09,77,50319
252,4.943182182312012,150,1,0.1,50,1.0222665650871932e-05,431,52
253,2.762412738800049,150,1,0.1,100,1.0586588177829982e-05,432,100
254,2.4624155521392823,150,1,0.1,500,0.007212004829852958,527,502
255,2.6678658008575438,150,1,0.1,1000,0.03876587525010109,684,1000
256,3.584614372253418,150,1,0.1,5000,0.03879510089755058,691,5002
257,9.374131870269775,150,1,0.1,10000,0.0387765035033226,687,10000
258,35.35725245475769,150,1,0.1,50000,0.038749555498361586,681,50002
259,17.823937034606935,150,1,0.01,50,2.3204697208711876e-05,456,52
260,4.927623081207275,150,1,0.01,100,0.001710029544756253,509,100
261,5.016689109802246,150,1,0.01,500,1.6113579714982505e-08,109,502
262,6.2449850082397464,150,1,0.01,1000,1.6310555128740134e-09,45,1000
263,15.6537531375885,150,1,0.01,5000,2.622857325773609e-09,51,5002
264,23.91006283760071,150,1,0.01,10000,6.798615688197174e-08,187,10000
265,75.65150203704835,150,1,0.01,50000,1.240450412387517e-08,97,50002
266,24.6143789768219,150,1,0.005,50,0.0015994689794752049,502,52
267,10.490946626663208,150,1,0.005,100,0.0017789272460049688,511,100
268,6.15753436088562,150,1,0.005,500,2.1428870233819453e-08,125,502
269,6.240712261199951,150,1,0.005,1000,6.4074341610265154e-09,68,1000
270,10.57771463394165,150,1,0.005,5000,2.3514687697012703e-10,19,5002
271,31.40422191619873,150,1,0.005,10000,1.320210565869395e-10,7,10000
272,69.81371202468873,150,1,0.005,50000,1.2697725165766727e-08,99,50002
273,28.106441259384155,150,1,0.001,50,0.0031335359048171086,513,52
274,14.99968991279602,150,1,0.001,100,6.398284381248232e-06,412,100
275,9.143549299240112,150,1,0.001,500,1.1678326643504988e-07,231,502
276,12.575772047042847,150,1,0.001,1000,8.383237570797064e-09,81,1000
277,18.128323364257813,150,1,0.001,5000,3.1424044477645905e-10,23,5002
278,31.76505837440491,150,1,0.001,10000,2.580111846395283e-10,21,10000
279,55.33163933753967,150,1,0.001,50000,5.932482560755403e-10,33,50002
280,15.950346899032592,150,2,0.1,50,0.023423240363626974,636,57
281,13.270713806152344,150,2,0.1,100,3.4443622098478954e-05,473,117
282,6.835720586776733,150,2,0.1,500,0.007602238771823977,538,525
283,4.073307752609253,150,2,0.1,1000,2.3229264934343517e-05,457,1053
284,3.9761677742004395,150,2,0.1,5000,0.030497757048306085,658,5026
285,3.746980619430542,150,2,0.1,10000,0.039286345988512036,729,10181
286,4.246445846557617,150,2,0.1,50000,0.04095291420817375,745,50124
287,4.567187023162842,150,2,0.01,50,0.007550364307644486,535,57
288,5.496701097488403,150,2,0.01,100,5.298280711940606e-06,399,117
289,4.40103120803833,150,2,0.01,500,1.2931245009895065e-06,345,525
290,3.733615827560425,150,2,0.01,1000,9.08586719106097e-07,323,1053
291,5.992974805831909,150,2,0.01,5000,7.763357388057556e-08,200,5026
292,6.463716077804565,150,2,0.01,10000,1.73043396500816e-08,114,10181
293,7.891298437118531,150,2,0.01,50000,9.81841909997172e-09,87,50124
294,5.574493932723999,150,2,0.005,50,0.017724463751255824,623,57
295,7.854396533966065,150,2,0.005,100,3.0729979130228458e-06,382,117
296,5.4761568069458,150,2,0.005,500,1.1702809956659621e-06,341,525
297,4.889126777648926,150,2,0.005,1000,4.035973802274384e-07,284,1053
298,4.314462661743164,150,2,0.005,5000,1.5595665914247547e-07,245,5026
299,5.382208395004272,150,2,0.005,10000,4.9124970047387253e-08,170,10181
300,8.95844464302063,150,2,0.005,50000,6.26851150986596e-09,66,50124
301,16.82401132583618,150,2,0.001,50,0.001710907342203427,510,57
302,13.104357957839966,150,2,0.001,100,0.008332841708659089,553,117
303,9.160704278945923,150,2,0.001,500,6.57940057635642e-07,309,525
304,9.455914163589478,150,2,0.001,1000,2.7875206569660805e-07,270,1053
305,8.53956503868103,150,2,0.001,5000,4.9348998132359155e-08,171,5026
306,10.45643949508667,150,2,0.001,10000,1.661023567578468e-08,112,10181
307,13.027763223648071,150,2,0.001,50000,5.696271632160688e-09,63,50124
308,7.271555948257446,150,3,0.1,50,0.023133602722373324,633,59
309,3.2872102737426756,150,3,0.1,100,0.03901446685194969,712,119
310,3.4539639949798584,150,3,0.1,500,5.9929384815404776e-05,486,527
311,3.6332844257354737,150,3,0.1,1000,0.007634035509227033,547,1055
312,3.6584173679351806,150,3,0.1,5000,0.03901909664273262,713,5183
313,3.8949851989746094,150,3,0.1,10000,0.03890377059578896,705,10183
314,6.687317848205566,150,3,0.1,50000,0.040070117264986035,741,50319
315,7.031596899032593,150,3,0.01,50,0.006977766845920996,521,59
316,4.725763463973999,150,3,0.01,100,7.996209023986012e-06,421,119
317,3.9809548377990724,150,3,0.01,500,3.4988750257980427e-06,385,527
318,3.4896686553955076,150,3,0.01,1000,2.5184453477322678e-06,372,1055
319,3.78807053565979,150,3,0.01,5000,5.43746979531079e-07,299,5183
320,3.7194539070129395,150,3,0.01,10000,1.0712232665355259e-07,222,10183
321,6.342240476608277,150,3,0.01,50000,4.6049861524011246e-08,166,50319
322,5.025162696838379,150,3,0.005,50,0.0159116922778594,607,59
323,4.162269735336304,150,3,0.005,100,5.496083031175658e-05,485,119
324,4.6625322818756105,150,3,0.005,500,2.800127913360484e-06,377,527
325,4.524102401733399,150,3,0.005,1000,8.358461627722135e-07,317,1055
326,4.406017780303955,150,3,0.005,5000,1.1549612253247687e-07,229,5183
327,4.471243762969971,150,3,0.005,10000,5.768631659464063e-07,303,10183
328,5.989782762527466,150,3,0.005,50000,3.40589679126424e-08,148,50319
329,4.905083560943604,150,3,0.001,50,0.02492965900164563,653,59
330,13.7586088180542,150,3,0.001,100,5.5288166322498e-06,403,119
331,8.475336265563964,150,3,0.001,500,1.5061617943956662e-06,355,527
332,8.759575414657593,150,3,0.001,1000,3.625834807507999e-07,278,1055
333,6.740774822235108,150,3,0.001,5000,6.854348928442278e-08,189,5183
334,7.828465938568115,150,3,0.001,10000,2.494283108944728e-08,129,10183
335,9.209772872924805,150,3,0.001,50000,1.7962876874833e-08,116,50319
336,5.917576026916504,300,1,0.1,50,2.9887764833347318e-05,468,52
337,3.02012414932251,300,1,0.1,100,1.2349239523246069e-05,435,100
338,2.2928687572479247,300,1,0.1,500,0.01348762959241867,587,502
339,2.4626146793365478,300,1,0.1,1000,0.038773190975189206,686,1000
340,4.502559518814087,300,1,0.1,5000,0.03874533772468567,677,5002
341,9.295941638946534,300,1,0.1,10000,0.03874699026346207,678,10000
342,46.19367394447327,300,1,0.1,50000,0.03874495252966881,676,50002
343,17.881385707855223,300,1,0.01,50,0.001639878558125929,504,52
344,8.962034845352173,300,1,0.01,100,5.961052215752715e-06,408,100
345,4.941585969924927,300,1,0.01,500,2.054984680199823e-08,124,502
346,6.0222962379455565,300,1,0.01,1000,2.7615362585553528e-08,133,1000
347,29.388214015960692,300,1,0.01,5000,6.404043947916271e-10,35,5002
348,45.9417483329773,300,1,0.01,10000,7.929864098699113e-09,79,10000
349,115.82268118858337,300,1,0.01,50000,2.6057983992799903e-09,50,50002
350,29.310422372817992,300,1,0.005,50,1.9801047346845736e-05,448,52
351,6.603943157196045,300,1,0.005,100,2.1759415881206222e-05,452,100
352,4.902889680862427,300,1,0.005,500,2.996998773596715e-08,138,502
353,6.216177225112915,300,1,0.005,1000,9.633277642251415e-09,86,1000
354,22.246311235427857,300,1,0.005,5000,3.444189988766055e-10,24,5002
355,62.645786952972415,300,1,0.005,10000,6.78165419654153e-11,5,10000
356,134.02287902832032,300,1,0.005,50000,3.6089069177513976e-09,58,50002
357,40.71133441925049,300,1,0.001,50,0.0016748714722780278,507,52
358,15.68326210975647,300,1,0.001,100,0.0017028662268330664,508,100
359,11.540540027618409,300,1,0.001,500,9.995859286959786e-08,217,502
360,12.060150575637817,300,1,0.001,1000,1.5988431556479556e-08,107,1000
361,37.43290185928345,300,1,0.001,5000,2.53347542944482e-10,20,5002
362,63.62007484436035,300,1,0.001,10000,1.6467289615240687e-10,11,10000
363,116.37483530044555,300,1,0.001,50000,1.4081367738505436e-10,10,50002
364,27.49129252433777,300,2,0.1,50,0.008464131397522579,570,57
365,20.5442756652832,300,2,0.1,100,0.01590942666534829,606,117
366,3.0695924758911133,300,2,0.1,500,0.023677225109713616,643,525
367,3.635877513885498,300,2,0.1,1000,0.0034123156416171695,517,1053
368,3.275840473175049,300,2,0.1,5000,0.039160413295030595,725,5026
369,3.2056282997131347,300,2,0.1,10000,0.03892084509134293,708,10181
370,3.9849443435668945,300,2,0.1,50000,0.0402559757232666,742,50124
371,5.185134220123291,300,2,0.01,50,3.6952179516447356e-05,475,57
372,2.955297327041626,300,2,0.01,100,0.01603988124161333,613,117
373,4.385073471069336,300,2,0.01,500,1.5461913733361144e-06,357,525
374,5.015388345718383,300,2,0.01,1000,1.5592636344763377e-06,358,1053
375,5.910993337631226,300,2,0.01,5000,8.266426725356268e-08,201,5026
376,6.72162618637085,300,2,0.01,10000,2.8544649133266376e-08,136,10181
377,9.623067808151244,300,2,0.01,50000,1.4072803988796067e-08,101,50124
378,7.672284173965454,300,2,0.005,50,0.017424833597397084,621,57
379,5.521036052703858,300,2,0.005,100,8.258758771262365e-06,424,117
380,5.245772361755371,300,2,0.005,500,1.8765718948543507e-06,363,525
381,4.3387984275817875,300,2,0.005,1000,5.317425632256345e-07,298,1053
382,4.621242666244507,300,2,0.005,5000,2.2240902382009152e-07,260,5026
383,7.485583734512329,300,2,0.005,10000,3.150301264298605e-08,140,10181
384,12.333419466018677,300,2,0.005,50000,6.282217923647693e-09,67,50124
385,12.269590520858765,300,2,0.001,50,0.02348641643438896,637,57
386,12.582752323150634,300,2,0.001,100,0.007494503771954442,530,117
387,9.610501623153686,300,2,0.001,500,1.6638494457765773e-06,359,525
388,11.308559942245484,300,2,0.001,1000,5.294478341966169e-07,297,1053
389,9.240091228485108,300,2,0.001,5000,9.728446332957219e-08,213,5026
390,11.82876901626587,300,2,0.001,10000,2.8257642803453108e-08,135,10181
391,14.561063194274903,300,2,0.001,50000,4.621722915487681e-09,60,50124
392,7.180997848510742,300,3,0.1,50,0.023072787438286467,631,59
393,3.9119390487670898,300,3,0.1,100,0.01511156375390783,595,119
394,2.658690404891968,300,3,0.1,500,0.007077522367717392,526,527
395,3.430825614929199,300,3,0.1,1000,0.015740368212550492,602,1055
396,3.240136194229126,300,3,0.1,5000,0.038828066736459735,694,5183
397,3.0669997692108155,300,3,0.1,10000,0.039426010102033615,733,10183
398,4.035409307479858,300,3,0.1,50000,0.03975882902741432,740,50319
399,3.7182573795318605,300,3,0.01,50,0.016753553281705535,618,59
400,3.22976336479187,300,3,0.01,100,0.006969334166251428,519,119
401,3.2900024890899657,300,3,0.01,500,3.188841265000519e-06,383,527
402,3.242728662490845,300,3,0.01,1000,1.0357517254533378e-06,332,1055
403,3.598577547073364,300,3,0.01,5000,4.4724841288257264e-07,288,5183
404,5.620171928405762,300,3,0.01,10000,1.3865056125439423e-07,241,10183
405,6.326483249664307,300,3,0.01,50000,4.0964752567873576e-08,156,50319
406,5.742045068740845,300,3,0.005,50,0.022031781996065546,625,59
407,4.645577812194825,300,3,0.005,100,0.006975391238802331,520,119
408,4.379887962341309,300,3,0.005,500,2.8767038770638463e-06,379,527
409,4.003494644165039,300,3,0.005,1000,1.025944459343009e-06,330,1055
410,4.501562452316284,300,3,0.005,5000,1.9083319600099457e-07,252,5183
411,4.664925956726075,300,3,0.005,10000,2.0257608781548698e-07,256,10183
412,7.253803157806397,300,3,0.005,50000,1.4104614720622522e-08,102,50319
413,8.51223783493042,300,3,0.001,50,0.017476292446917795,622,59
414,7.13551893234253,300,3,0.001,100,0.014544785396037697,592,119
415,8.775932502746581,300,3,0.001,500,8.568160268396241e-07,320,527
416,7.602869462966919,300,3,0.001,1000,9.68415591273697e-07,328,1055
417,9.320875120162963,300,3,0.001,5000,6.537104084713974e-08,184,5183
418,11.501444101333618,300,3,0.001,10000,2.2108097130768556e-08,127,10183
419,10.629775428771973,300,3,0.001,50000,1.1405292177357751e-08,92,50319
420,7.206529664993286,500,1,0.1,50,3.608140832511708e-06,387,52
421,2.842000436782837,500,1,0.1,100,9.553713380228145e-06,430,100
422,2.10975866317749,500,1,0.1,500,0.026115463674068452,656,502
423,2.837612342834473,500,1,0.1,1000,0.038735414296388625,672,1000
424,6.0544098854064945,500,1,0.1,5000,0.03874289616942406,674,5002
425,10.537222480773925,500,1,0.1,10000,0.038749296218156815,680,10000
426,73.36082701683044,500,1,0.1,50000,0.0387446254491806,675,50002
427,18.717350244522095,500,1,0.01,50,3.9917706408232335e-05,481,52
428,15.7877827167511,500,1,0.01,100,2.1212049409768953e-05,450,100
429,5.071638441085815,500,1,0.01,500,2.514358503624692e-08,131,502
430,7.368894767761231,500,1,0.01,1000,1.2174151575727877e-09,39,1000
431,55.500985622406006,500,1,0.01,5000,3.820359521788941e-10,25,5002
432,64.51428422927856,500,1,0.01,10000,7.303981730544251e-09,75,10000
433,224.72491183280945,500,1,0.01,50000,1.318006020989415e-09,41,50002
434,31.85062747001648,500,1,0.005,50,0.003192842480893887,514,52
435,19.92671446800232,500,1,0.005,100,6.347930093397736e-06,409,100
436,18.340764570236207,500,1,0.005,500,1.2699306708441327e-07,236,502
437,21.01542019844055,500,1,0.005,1000,6.0719187011670785e-09,64,1000
438,40.94411273002625,500,1,0.005,5000,5.433185429337684e-11,4,5002
439,108.80085825920105,500,1,0.005,10000,4.2479561535024857e-11,2,10000
440,217.66271505355834,500,1,0.005,50000,3.0982809984259064e-09,56,50002
441,47.4077495098114,500,1,0.001,50,0.0015798619959241477,499,52
442,24.78447675704956,500,1,0.001,100,6.3635708215770135e-06,410,100
443,22.609042596817016,500,1,0.001,500,1.256982987030142e-07,235,502
444,21.50070481300354,500,1,0.001,1000,1.4996771291464482e-08,105,1000
445,55.28203005790711,500,1,0.001,5000,2.3224261402887691e-10,18,5002
446,80.39142212867736,500,1,0.001,10000,1.9295215702985756e-10,12,10000
447,162.1522232055664,500,1,0.001,50000,1.2245465197402438e-10,6,50002
448,34.45188069343567,500,2,0.1,50,0.007521775470013381,534,57
449,5.815050506591797,500,2,0.1,100,1.8630617978487864e-05,447,117
450,2.8348196506500245,500,2,0.1,500,0.008454909078909622,568,525
451,2.6349539279937746,500,2,0.1,1000,0.014551337284319742,593,1053
452,2.591669225692749,500,2,0.1,5000,0.030533380740598658,659,5026
453,2.5172688961029053,500,2,0.1,10000,0.03905020579695702,717,10181
454,3.8792269229888916,500,2,0.1,50000,0.03897564336657524,710,50124
455,3.7256375312805177,500,2,0.01,50,3.6088279193791097e-05,474,57
456,3.606356477737427,500,2,0.01,100,1.1122798969154247e-05,433,117
457,3.2991776943206785,500,2,0.01,500,9.44748160236486e-07,326,525
458,3.589601182937622,500,2,0.01,1000,8.05597963449145e-07,314,1053
459,5.093180847167969,500,2,0.01,5000,5.998410088636774e-08,181,5026
460,5.693575525283814,500,2,0.01,10000,5.0000740969835535e-08,172,10181
461,17.493421173095705,500,2,0.01,50000,6.830355925302456e-09,71,50124
462,11.868462705612183,500,2,0.005,50,0.015907611870170514,605,57
463,9.120212173461914,500,2,0.005,100,8.966500126916799e-06,427,117
464,5.546967220306397,500,2,0.005,500,1.0288895424537259e-06,331,525
465,4.867185068130493,500,2,0.005,1000,5.060987632532487e-07,294,1053
466,5.4448404788970945,500,2,0.005,5000,1.2747961051218226e-07,237,5026
467,7.383456611633301,500,2,0.005,10000,3.717702465877437e-08,152,10181
468,13.006022024154664,500,2,0.005,50000,1.4145954185806886e-08,103,50124
469,13.737066173553467,500,2,0.001,50,0.0015433712984304292,494,57
470,8.008385229110718,500,2,0.001,100,2.595997580101539e-05,463,117
471,6.061590671539307,500,2,0.001,500,1.7315646857696265e-05,444,525
472,7.999608945846558,500,2,0.001,1000,2.8702233692001753e-07,272,1053
473,9.321673011779785,500,2,0.001,5000,4.635203154634837e-08,168,5026
474,14.01332745552063,500,2,0.001,10000,2.4982298896247812e-08,130,10181
475,19.3719979763031,500,2,0.001,50000,7.338360052955295e-09,76,50124
476,9.594543933868408,500,3,0.1,50,0.031924358062678945,665,59
477,2.5310315132141112,500,3,0.1,100,0.026031845454417633,655,119
478,2.3794374465942383,500,3,0.1,500,0.008319481326179812,551,527
479,2.7145416259765627,500,3,0.1,1000,0.009874756434169286,578,1055
480,2.6319618225097656,500,3,0.1,5000,0.03936425149440766,732,5183
481,2.9724517345428465,500,3,0.1,10000,0.03909438028931618,723,10183
482,3.759945774078369,500,3,0.1,50000,0.04245684891939163,749,50319
483,4.081885480880738,500,3,0.01,50,0.015815693365584593,603,59
484,4.326630687713623,500,3,0.01,100,0.007028686241574178,525,119
485,5.185733795166016,500,3,0.01,500,4.2352834043413164e-06,393,527
486,4.510139274597168,500,3,0.01,1000,1.2959365790266019e-06,346,1055
487,3.7639355659484863,500,3,0.01,5000,2.6726278861133325e-07,265,5183
488,4.711600637435913,500,3,0.01,10000,9.853104359081044e-08,215,10183
489,7.9202210903167725,500,3,0.01,50000,1.95580533102202e-08,121,50319
490,6.108266353607178,500,3,0.005,50,0.024235879527805083,647,59
491,3.984544515609741,500,3,0.005,100,0.023394289911675515,635,119
492,4.175035762786865,500,3,0.005,500,1.4500350516755133e-06,351,527
493,4.371908473968506,500,3,0.005,1000,8.467406189538451e-07,318,1055
494,4.035808420181274,500,3,0.005,5000,1.9767874661624774e-07,254,5183
495,4.4534912109375,500,3,0.005,10000,2.0951528583168512e-07,257,10183
496,8.897607469558716,500,3,0.005,50000,2.9797378431339895e-08,137,50319
497,11.519196891784668,500,3,0.001,50,0.008437091099040117,564,59
498,5.8579357147216795,500,3,0.001,100,0.006982446725396585,522,119
499,8.649670219421386,500,3,0.001,500,9.156653845820984e-07,324,527
500,7.1915696144104,500,3,0.001,1000,1.0613327958708396e-06,333,1055
501,7.284521055221558,500,3,0.001,5000,8.302465523968294e-08,202,5183
502,7.891098403930664,500,3,0.001,10000,3.52708356743392e-08,150,10183
503,10.700985097885132,500,3,0.001,50000,1.2382222358553463e-08,96,50319
504,6.4359901428222654,800,1,0.1,50,4.456499459593033e-06,395,52
505,2.7464555740356444,800,1,0.1,100,2.7881579785571376e-05,466,100
506,1.96753888130188,800,1,0.1,500,0.0124976089107804,586,502
507,2.8344202995300294,800,1,0.1,1000,0.038733762502670285,671,1000
508,7.131129741668701,800,1,0.1,5000,0.03874214664101601,673,5002
509,16.983185243606567,800,1,0.1,10000,0.03876714035868645,685,10000
510,20.339411640167235,800,1,0.1,50000,0.23394412994384767,756,50002
511,6.86225061416626,800,1,0.01,50,0.0015606526531655618,496,52
512,2.6142094135284424,800,1,0.01,100,1.385348480198445e-06,349,100
513,3.599175310134888,800,1,0.01,500,3.23166533533481e-08,145,502
514,8.213836050033569,800,1,0.01,1000,2.5586869734084415e-09,48,1000
515,79.40965270996094,800,1,0.01,5000,1.4172423831726455e-09,42,5002
516,103.14717617034913,800,1,0.01,10000,2.565939971610476e-09,49,10000
517,372.6075285434723,800,1,0.01,50000,1.5609751213840894e-09,44,50002
518,20.477841758728026,800,1,0.005,50,0.0032717102725655423,516,52
519,26.49166202545166,800,1,0.005,100,2.0835102986893617e-05,449,100
520,31.24375500679016,800,1,0.005,500,6.799866554274559e-08,188,502
521,28.72937684059143,800,1,0.005,1000,8.201808299190815e-09,80,1000
522,64.84659471511841,800,1,0.005,5000,1.3982495994380172e-10,9,5002
523,140.8050751209259,800,1,0.005,10000,4.684540359789491e-11,3,10000
524,349.24338240623473,800,1,0.005,50000,4.959910371304943e-09,61,50002
525,45.35252408981323,800,1,0.001,50,0.0015545899115750217,495,52
526,37.7243212223053,800,1,0.001,100,6.58897490666277e-06,413,100
527,34.68046188354492,800,1,0.001,500,9.4613478651695e-08,210,502
528,44.95602874755859,800,1,0.001,1000,1.690358875094944e-08,113,1000
529,90.2564914226532,800,1,0.001,5000,3.8252722101006497e-10,26,5002
530,125.91456761360169,800,1,0.001,10000,2.0827452540395085e-10,14,10000
531,213.496741437912,800,1,0.001,50000,2.867124371253027e-10,22,50002
532,22.462134885787965,800,2,0.1,50,0.014470305402664963,589,57
533,16.308789443969726,800,2,0.1,100,0.008458248746319442,569,117
534,14.857469606399537,800,2,0.1,500,0.009194105298456634,577,525
535,12.386078834533691,800,2,0.1,1000,0.008420734172364063,560,1053
536,7.563575172424317,800,2,0.1,5000,0.03151671758096199,662,5026
537,6.312919616699219,800,2,0.1,10000,0.03888005688786507,700,10181
538,7.216502857208252,800,2,0.1,50000,0.03916454315185547,726,50124
539,5.717910528182983,800,2,0.01,50,0.007559321730514057,536,57
540,4.408411312103271,800,2,0.01,100,0.008431321702528295,563,117
541,4.872171688079834,800,2,0.01,500,1.7716111869958696e-06,361,525
542,5.988585805892944,800,2,0.01,1000,4.4139223405181837e-07,287,1053
543,6.058599138259888,800,2,0.01,5000,9.602060977442761e-08,212,5026
544,8.980984354019165,800,2,0.01,10000,1.648972869361387e-08,111,10181
545,17.707648611068727,800,2,0.01,50000,7.23887456643979e-09,74,50124
546,8.636705350875854,800,2,0.005,50,0.010036313463933766,580,57
547,6.439778995513916,800,2,0.005,100,1.320354383551603e-05,437,117
548,5.460598611831665,800,2,0.005,500,1.2233650892312653e-06,343,525
549,4.289130544662475,800,2,0.005,1000,5.536816161111346e-07,301,1053
550,4.604287958145141,800,2,0.005,5000,1.0660713343213501e-07,220,5026
551,6.946224784851074,800,2,0.005,10000,4.6299492062473743e-08,167,10181
552,19.349458169937133,800,2,0.005,50000,1.1517723730314344e-08,93,50124
553,15.061923837661743,800,2,0.001,50,0.010080084247420018,581,57
554,13.760403633117676,800,2,0.001,100,3.842915709810768e-05,478,117
555,7.835846185684204,800,2,0.001,500,9.543731835037762e-07,327,525
556,11.689740991592407,800,2,0.001,1000,1.1112291701920185e-06,336,1053
557,9.85823860168457,800,2,0.001,5000,8.323575499957769e-08,203,5026
558,12.567594528198242,800,2,0.001,10000,2.80281728493037e-08,134,10181
559,22.800030755996705,800,2,0.001,50000,7.657102729652365e-09,78,50124
560,12.091067886352539,800,3,0.1,50,0.024496464814728825,648,59
561,3.544123125076294,800,3,0.1,100,0.016042193402245174,614,119
562,2.3622827529907227,800,3,0.1,500,0.007475103253136694,528,527
563,2.694395399093628,800,3,0.1,1000,0.008399500845553121,558,1055
564,2.3955944061279295,800,3,0.1,5000,0.03882587999105454,693,5183
565,2.4733860015869142,800,3,0.1,10000,0.038790660351514815,690,10183
566,3.5303597450256348,800,3,0.1,50000,0.04030293822288513,744,50319
567,4.33321328163147,800,3,0.01,50,0.00842806772379845,562,59
568,2.8850851535797117,800,3,0.01,100,0.007622077852374787,546,119
569,3.473312520980835,800,3,0.01,500,4.007584789178509e-06,391,527
570,3.096719217300415,800,3,0.01,1000,5.6115088682418e-07,302,1055
571,3.5802260398864747,800,3,0.01,5000,2.701858782927502e-07,267,5183
572,4.75109486579895,800,3,0.01,10000,1.1281150840147802e-07,228,10183
573,7.588906621932983,800,3,0.01,50000,7.223144322665576e-08,195,50319
574,6.580204868316651,800,3,0.005,50,0.015943393369889237,609,59
575,4.325433588027954,800,3,0.005,100,0.007618418103265867,542,119
576,3.8788274765014648,800,3,0.005,500,7.800968614901648e-06,420,527
577,4.256817197799682,800,3,0.005,1000,7.117470082107502e-06,415,1055
578,4.498371028900147,800,3,0.005,5000,1.387971387600828e-07,242,5183
579,4.969511222839356,800,3,0.005,10000,6.9890003828732e-08,192,10183
580,7.590303421020508,800,3,0.005,50000,2.2443893890056188e-07,261,50319
581,7.889902591705322,800,3,0.001,50,0.03180153937792056,664,59
582,8.334113836288452,800,3,0.001,100,2.374761716055218e-05,458,119
583,7.617430591583252,800,3,0.001,500,1.5039358686408378e-06,354,527
584,6.974350547790527,800,3,0.001,1000,2.0033055250223697e-07,255,1055
585,7.088843870162964,800,3,0.001,5000,4.5251296754145185e-08,165,5183
586,7.436913633346558,800,3,0.001,10000,3.231527880842577e-08,144,10183
587,13.103958892822266,800,3,0.001,50000,6.999399149165697e-09,73,50319
588,6.30593786239624,1300,1,0.1,50,2.8571637130880846e-06,378,52
589,3.2024373531341555,1300,1,0.1,100,2.5722889893131652e-05,462,100
590,2.6616819381713865,1300,1,0.1,500,0.00833908562783563,555,502
591,2.908022880554199,1300,1,0.1,1000,0.0387551411986351,683,1000
592,5.401556444168091,1300,1,0.1,5000,0.03902033865451813,714,5002
593,4.791187906265259,1300,1,0.1,10000,0.16053062975406646,754,10000
594,17.080126094818116,1300,1,0.1,50000,0.16343027651309966,755,50002
595,8.56230354309082,1300,1,0.01,50,0.0015817658859305084,501,52
596,2.9668663501739503,1300,1,0.01,100,5.660788849581877e-06,404,100
597,5.662059593200683,1300,1,0.01,500,1.096042350212656e-08,90,502
598,11.628903436660767,1300,1,0.01,1000,2.853786851275686e-09,54,1000
599,130.58679962158203,1300,1,0.01,5000,2.2547697597907757e-10,15,5002
600,152.9611693382263,1300,1,0.01,10000,2.2417134371011118e-09,47,10000
601,611.929351758957,1300,1,0.01,50000,6.248659478735874e-10,34,50002
602,52.25356330871582,1300,1,0.005,50,0.0016141491021699039,503,52
603,22.711467456817626,1300,1,0.005,100,2.510082963453897e-05,461,100
604,20.50038046836853,1300,1,0.005,500,6.880455671876007e-08,190,502
605,27.79757442474365,1300,1,0.005,1000,6.252635809111951e-09,65,1000
606,65.34446406364441,1300,1,0.005,5000,2.287824971136665e-10,16,5002
607,232.51224460601807,1300,1,0.005,10000,3.869244334653299e-11,1,10000
608,557.5743994235993,1300,1,0.005,50000,1.8832966297566145e-09,46,50002
609,41.498829412460324,1300,1,0.001,50,0.0032254153134999796,515,52
610,46.21940569877624,1300,1,0.001,100,2.3936238903843332e-05,460,100
611,21.006028509140016,1300,1,0.001,500,9.322591409954839e-08,208,502
612,26.768618774414062,1300,1,0.001,1000,4.4954994038448605e-08,163,1000
613,93.5953188419342,1300,1,0.001,5000,6.803117846843065e-10,36,5002
614,164.55556511878967,1300,1,0.001,10000,2.3138437554859337e-10,17,10000
615,372.3852147102356,1300,1,0.001,50000,1.9896279623843328e-10,13,50002
616,19.723456811904907,1300,2,0.1,50,0.01605459152342519,615,57
617,16.5966197013855,1300,2,0.1,100,0.008691003044805256,576,117
618,15.966434764862061,1300,2,0.1,500,0.008424457939418062,561,525
619,16.69894609451294,1300,2,0.1,1000,0.02349509051637142,639,1053
620,15.271081256866456,1300,2,0.1,5000,0.03878266289830208,688,5026
621,13.702758312225342,1300,2,0.1,10000,0.03889075219631195,701,10181
622,16.552736806869508,1300,2,0.1,50000,0.03911291733384133,724,50124
623,12.523312044143676,1300,2,0.01,50,0.016121096439383108,616,57
624,7.217588949203491,1300,2,0.01,100,0.007487329598370706,529,117
625,3.4722496509552,1300,2,0.01,500,1.160810211331409e-06,340,525
626,5.871079444885254,1300,2,0.01,1000,5.163395059071263e-07,296,1053
627,8.5162944316864,1300,2,0.01,5000,5.461734797762574e-08,175,5026
628,10.075457620620728,1300,2,0.01,10000,4.0538894019448435e-08,155,10181
629,18.322404527664183,1300,2,0.01,50000,9.048338078798679e-09,83,50124
630,14.379548168182373,1300,2,0.005,50,0.007619794471338537,544,57
631,6.72202501296997,1300,2,0.005,100,2.1343665139283985e-05,451,117
632,4.539860010147095,1300,2,0.005,500,9.239404732852563e-07,325,525
633,5.229615545272827,1300,2,0.005,1000,5.104014718426697e-07,295,1053
634,7.886310958862305,1300,2,0.005,5000,4.4651747188595436e-08,162,5026
635,11.447190189361573,1300,2,0.005,10000,4.4622067107980004e-08,161,10181
636,24.865707778930663,1300,2,0.005,50000,1.1981633196711527e-08,94,50124
637,21.32138571739197,1300,2,0.001,50,0.014590500394115224,594,57
638,16.056463956832886,1300,2,0.001,100,0.001580646086267734,500,117
639,14.104483938217163,1300,2,0.001,500,1.3505293986781908e-05,439,525
640,10.167411756515502,1300,2,0.001,1000,2.852034256761726e-07,271,1053
641,10.301453924179077,1300,2,0.001,5000,3.170504996319323e-08,142,5026
642,19.8730580329895,1300,2,0.001,10000,3.679896352082324e-08,151,10181
643,35.69594521522522,1300,2,0.001,50000,6.762484439093441e-09,69,50124
644,9.777852392196655,1300,3,0.1,50,0.03034759713191306,657,59
645,3.9803561210632323,1300,3,0.1,100,0.022888803344540066,629,119
646,3.992524290084839,1300,3,0.1,500,0.008311717985384348,549,527
647,3.2774359226226806,1300,3,0.1,1000,0.007614655507313728,539,1055
648,3.5142022609710692,1300,3,0.1,5000,0.03196905837089616,666,5183
649,2.8447932243347167,1300,3,0.1,10000,0.0389708437025547,709,10183
650,4.108613967895508,1300,3,0.1,50000,0.041625479608774184,746,50319
651,4.210939598083496,1300,3,0.01,50,0.022771038303380918,626,59
652,3.945649003982544,1300,3,0.01,100,4.980571377473097e-05,483,119
653,3.853894662857056,1300,3,0.01,500,1.2621150176528317e-06,344,527
654,4.140128660202026,1300,3,0.01,1000,4.023166439992565e-07,283,1055
655,4.250434398651123,1300,3,0.01,5000,3.8103792263655125e-07,281,5183
656,5.234402751922607,1300,3,0.01,10000,1.095049093180478e-07,224,10183
657,15.003479146957398,1300,3,0.01,50000,1.867947627687272e-08,118,50319
658,10.116348600387573,1300,3,0.005,50,0.014488445427377882,590,59
659,4.041792249679565,1300,3,0.005,100,0.023491317023808734,638,119
660,4.64757194519043,1300,3,0.005,500,8.9650156951393e-07,322,527
661,3.662007522583008,1300,3,0.005,1000,7.689154585932556e-07,313,1055
662,5.689007329940796,1300,3,0.005,5000,2.1141809156688395e-07,259,5183
663,7.3799127578735355,1300,3,0.005,10000,1.162911992480531e-07,230,10183
664,12.053768110275268,1300,3,0.005,50000,1.030442495775219e-07,219,50319
665,10.573525190353394,1300,3,0.001,50,0.01538552214151423,600,59
666,7.816298580169677,1300,3,0.001,100,0.02368096703125957,644,119
667,10.737886571884156,1300,3,0.001,500,8.608147095401363e-06,425,527
668,8.241163063049317,1300,3,0.001,1000,3.270093799301321e-07,276,1055
669,8.747209835052491,1300,3,0.001,5000,9.474974511647361e-08,211,5183
670,11.049054622650146,1300,3,0.001,10000,3.1969553049293606e-08,143,10183
671,18.44746971130371,1300,3,0.001,50000,1.2201512600285014e-08,95,50319
672,11.511218452453614,2000,1,0.1,50,3.066269662213017e-05,469,52
673,3.640066051483154,2000,1,0.1,100,3.280337255091581e-05,472,100
674,2.7390759944915772,2000,1,0.1,500,0.01155584756488679,582,502
675,3.814002275466919,2000,1,0.1,1000,0.039466796815395354,736,1000
676,3.162942361831665,2000,1,0.1,5000,0.13193070888519287,751,5002
677,5.794106101989746,2000,1,0.1,10000,0.1326712816953659,753,10000
678,17.60033540725708,2000,1,0.1,50000,0.13250316977500914,752,50002
679,11.553916501998902,2000,1,0.01,50,3.9071184164640724e-05,480,52
680,6.259579467773437,2000,1,0.01,100,3.8576763131459305e-06,390,100
681,6.876914072036743,2000,1,0.01,500,1.972170284858521e-08,122,502
682,16.006198596954345,2000,1,0.01,1000,1.6015302828353838e-08,108,1000
683,137.04832224845887,2000,1,0.01,5000,4.635983930079135e-10,28,5002
684,180.73948874473572,2000,1,0.01,10000,6.8767485650322865e-09,72,10000
685,867.1303476810456,2000,1,0.01,50000,4.310748025204702e-09,59,50002
686,22.231751012802125,2000,1,0.005,50,0.001805127850093413,512,52
687,14.596168804168702,2000,1,0.005,100,3.767632588278502e-05,477,100
688,21.868124532699586,2000,1,0.005,500,5.9561089216231264e-08,179,502
689,22.85109486579895,2000,1,0.005,1000,6.782489281320636e-09,70,1000
690,62.829589176177976,2000,1,0.005,5000,5.856238105561573e-10,32,5002
691,212.98944959640502,2000,1,0.005,10000,1.3282152808158365e-10,8,10000
692,857.4724780082703,2000,1,0.005,50000,2.6343867087774697e-09,52,50002
693,60.721993923187256,2000,1,0.001,50,2.2199697127689433e-05,455,52
694,33.14158325195312,2000,1,0.001,100,1.8084410703522737e-05,446,100
695,38.54652371406555,2000,1,0.001,500,1.1721294299604778e-07,232,502
696,44.42514152526856,2000,1,0.001,1000,1.8714306904143994e-08,119,1000
697,101.06725254058838,2000,1,0.001,5000,1.1240548936086725e-09,38,5002
698,152.7960117816925,2000,1,0.001,10000,5.238617789560251e-10,30,10000
699,380.969655418396,2000,1,0.001,50000,4.3521058146200884e-10,27,50002
700,14.481875038146972,2000,2,0.1,50,0.007005350317922421,523,57
701,18.627788305282593,2000,2,0.1,100,0.011614545396332688,583,117
702,11.885817289352417,2000,2,0.1,500,0.008555595123652893,573,525
703,15.145699834823608,2000,2,0.1,1000,0.02295031807552732,630,1053
704,11.8216983795166,2000,2,0.1,5000,0.038856489956378935,696,5026
705,8.984917211532593,2000,2,0.1,10000,0.03890362307429314,704,10181
706,14.047135972976685,2000,2,0.1,50000,0.03898714333772659,711,50124
707,8.451001501083374,2000,2,0.01,50,0.011699693121408927,585,57
708,5.399760723114014,2000,2,0.01,100,1.5366987736342707e-05,442,117
709,3.965995121002197,2000,2,0.01,500,1.4908475350239314e-06,353,525
710,4.956944942474365,2000,2,0.01,1000,5.443516371883561e-07,300,1053
711,9.75890383720398,2000,2,0.01,5000,6.932604534881648e-08,191,5026
712,12.728563499450683,2000,2,0.01,10000,2.2078521855206645e-08,126,10181
713,26.96910104751587,2000,2,0.01,50000,9.257769439940944e-09,85,50124
714,16.163203048706055,2000,2,0.005,50,0.015892615599204872,604,57
715,8.610774564743043,2000,2,0.005,100,7.596442219437449e-06,418,117
716,4.834672498703003,2000,2,0.005,500,1.5275888245014358e-06,356,525
717,5.432274293899536,2000,2,0.005,1000,4.805735130730682e-07,290,1053
718,7.086951351165771,2000,2,0.005,5000,9.400706275641824e-08,209,5026
719,8.59213342666626,2000,2,0.005,10000,4.679905210025481e-08,169,10181
720,26.3228111743927,2000,2,0.005,50000,9.19914668884303e-09,84,50124
721,23.989251375198364,2000,2,0.001,50,0.009886230817210162,579,57
722,10.468406391143798,2000,2,0.001,100,0.0015432584321388276,493,117
723,10.399192285537719,2000,2,0.001,500,9.061880825811386e-06,428,525
724,11.849513864517212,2000,2,0.001,1000,4.622675163545864e-07,289,1053
725,14.24451003074646,2000,2,0.001,5000,9.29258398230104e-08,207,5026
726,16.849543142318726,2000,2,0.001,10000,3.244347652753277e-08,146,10181
727,35.700836944580075,2000,2,0.001,50000,5.270387593014903e-09,62,50124
728,13.287268495559692,2000,3,0.1,50,0.022869187915694054,628,59
729,6.2857911586761475,2000,3,0.1,100,0.025501884083314507,654,119
730,4.766757249832153,2000,3,0.1,500,0.01679472942078064,619,527
731,5.600940322875976,2000,3,0.1,1000,0.008598090248779045,574,1055
732,2.9382467746734617,2000,3,0.1,5000,0.03970251306891441,739,5183
733,3.388139820098877,2000,3,0.1,10000,0.038879483193159106,699,10183
734,5.660862827301026,2000,3,0.1,50000,0.038857148587703706,697,50319
735,5.293245124816894,2000,3,0.01,50,0.023496597532357555,640,59
736,4.407015991210938,2000,3,0.01,100,0.02352033385850518,641,119
737,4.8344728469848635,2000,3,0.01,500,2.409092087418685e-06,370,527
738,4.3485715866088865,2000,3,0.01,1000,2.3572878831146227e-06,368,1055
739,4.7227715969085695,2000,3,0.01,5000,5.025180868756252e-07,293,5183
740,5.963254928588867,2000,3,0.01,10000,1.524294845012264e-07,244,10183
741,26.85638370513916,2000,3,0.01,50000,1.3415442001729616e-08,100,50319
742,15.435523986816406,2000,3,0.005,50,0.023700289344014892,645,59
743,4.718582057952881,2000,3,0.005,100,0.008418585903382337,559,119
744,4.501762104034424,2000,3,0.005,500,2.3918884267004616e-06,369,527
745,5.361263656616211,2000,3,0.005,1000,8.150928238137567e-07,316,1055
746,5.13407154083252,2000,3,0.005,5000,4.1566024151507007e-07,285,5183
747,7.220491886138916,2000,3,0.005,10000,8.73456968975006e-08,205,10183
748,14.567046785354615,2000,3,0.005,50000,4.29597724149744e-07,286,50319
749,17.308715438842775,2000,3,0.001,50,0.007619748954766692,543,59
750,11.922319364547729,2000,3,0.001,100,0.016749085431411005,617,119
751,9.844874286651612,2000,3,0.001,500,2.529935045458842e-06,373,527
752,9.393281745910645,2000,3,0.001,1000,6.516065184314357e-07,308,1055
753,13.013401889801026,2000,3,0.001,5000,1.0772928504820811e-07,223,5183
754,13.361072063446045,2000,3,0.001,10000,5.914979830379252e-08,177,10183
755,22.308545732498168,2000,3,0.001,50000,1.0573001762992362e-08,89,50319
