Weights,Validation MSE,Hidden Layers,Learning Rate,Batch Size,Epochs,Training Time (s),Rank
100,3.125e-04,1,0.1,64,10,2.296859920024872,1
100,1.709e-02,1,0.01,64,10,2.245995581150055,13
100,5.136e-02,1,0.001,64,10,1.8333489298820496,79
100,6.972e-02,1,0.0001,64,10,2.056252896785736,164
100,6.709e-02,2,0.1,64,10,1.893438458442688,154
100,4.812e-02,2,0.01,64,10,2.185657262802124,45
100,6.542e-02,2,0.001,64,10,1.8640169501304626,117
100,7.400e-02,2,0.0001,64,10,2.0829317569732666,175
100,6.630e-02,3,0.1,64,10,2.273170590400696,143
100,4.924e-02,3,0.01,64,10,2.1011322140693665,57
100,6.537e-02,3,0.001,64,10,2.4596744179725647,97
100,7.813e-02,3,0.0001,64,10,2.2190672159194946,179
100,1.565e-02,1,0.1,64,25,2.510788381099701,7
100,6.550e-02,1,0.01,64,25,3.315136671066284,128
100,1.956e-02,1,0.001,64,25,3.2403372526168823,20
100,5.775e-02,1,0.0001,64,25,3.215403378009796,89
100,4.840e-02,2,0.1,64,25,3.64600270986557,50
100,6.560e-02,2,0.01,64,25,3.2173981070518494,136
100,4.963e-02,2,0.001,64,25,3.1119306087493896,64
100,6.704e-02,2,0.0001,64,25,3.1914679408073425,153
100,5.511e-02,3,0.1,64,25,3.940714657306671,85
100,6.575e-02,3,0.01,64,25,3.4971503615379333,138
100,6.541e-02,3,0.001,64,25,3.2016910910606384,116
100,7.164e-02,3,0.0001,64,25,3.489671051502228,169
100,3.249e-02,1,0.1,64,50,3.9968143105506897,28
100,3.282e-02,1,0.01,64,50,4.700683772563934,30
100,3.174e-02,1,0.001,64,50,4.4179388880729675,22
100,4.316e-02,1,0.0001,64,50,4.201019525527954,42
100,5.000e-02,2,0.1,64,50,4.603443503379822,66
100,3.294e-02,2,0.01,64,50,4.800167143344879,31
100,6.539e-02,2,0.001,64,50,4.367573499679565,104
100,4.881e-02,2,0.0001,64,50,4.579257130622864,52
100,6.837e-02,3,0.1,64,50,4.8789560198783875,161
100,6.546e-02,3,0.01,64,50,4.635855972766876,123
100,6.540e-02,3,0.001,64,50,4.5742709040641785,108
100,5.681e-02,3,0.0001,64,50,4.740326821804047,86
100,1.817e-02,1,0.1,64,100,6.7923407554626465,17
100,4.884e-02,1,0.01,64,100,7.636085331439972,53
100,4.899e-02,1,0.001,64,100,7.951492071151733,56
100,5.211e-02,1,0.0001,64,100,7.776210606098175,80
100,3.239e-02,2,0.1,64,100,7.476013481616974,27
100,6.549e-02,2,0.01,64,100,7.79914915561676,126
100,6.540e-02,2,0.001,64,100,7.105752944946289,105
100,6.540e-02,2,0.0001,64,100,7.200250625610352,109
100,6.666e-02,3,0.1,64,100,7.899631321430206,149
100,6.555e-02,3,0.01,64,100,8.1906019449234,133
100,6.541e-02,3,0.001,64,100,7.705898344516754,112
100,5.096e-02,3,0.0001,64,100,7.85400253534317,78
100,1.781e-02,1,0.1,128,10,2.5048038959503174,16
100,2.817e-03,1,0.01,128,10,1.8921917080879211,4
100,4.290e-02,1,0.001,128,10,1.7478276491165161,41
100,7.269e-02,1,0.0001,128,10,1.8076673746109009,172
100,6.600e-02,2,0.1,128,10,1.8330994844436646,142
100,5.019e-02,2,0.01,128,10,1.7171590328216553,70
100,6.634e-02,2,0.001,128,10,1.903411328792572,145
100,8.186e-02,2,0.0001,128,10,1.762538194656372,186
100,6.583e-02,3,0.1,128,10,1.9278458952903748,140
100,6.537e-02,3,0.01,128,10,1.8732426166534424,94
100,6.634e-02,3,0.001,128,10,1.8163936138153076,144
100,6.750e-02,3,0.0001,128,10,1.896180808544159,157
100,1.647e-02,1,0.1,128,25,1.950286090373993,11
100,3.222e-02,1,0.01,128,25,2.0829317569732666,25
100,3.447e-02,1,0.001,128,25,2.140028953552246,38
100,7.039e-02,1,0.0001,128,25,2.2579627633094788,165
100,4.898e-02,2,0.1,128,25,2.5407077074050903,55
100,5.027e-02,2,0.01,128,25,2.2497350573539734,72
100,5.012e-02,2,0.001,128,25,2.5898265838623047,68
100,6.198e-02,2,0.0001,128,25,2.213083505630493,91
100,6.635e-02,3,0.1,128,25,2.478872537612915,146
100,4.952e-02,3,0.01,128,25,2.6334596276283264,63
100,6.539e-02,3,0.001,128,25,2.5761131048202515,103
100,7.280e-02,3,0.0001,128,25,2.452194094657898,173
100,1.767e-02,1,0.1,128,50,2.6820793747901917,15
100,3.149e-02,1,0.01,128,50,3.0431142449378967,21
100,6.540e-02,1,0.001,128,50,3.0677987337112427,106
100,5.011e-02,1,0.0001,128,50,2.852374315261841,67
100,5.057e-02,2,0.1,128,50,3.1089383959770203,76
100,4.829e-02,2,0.01,128,50,3.005713999271393,48
100,3.368e-02,2,0.001,128,50,3.100461184978485,34
100,6.761e-02,2,0.0001,128,50,3.1430971026420593,158
100,6.674e-02,3,0.1,128,50,3.0244136452674866,150
100,6.544e-02,3,0.01,128,50,3.9155320525169373,119
100,6.540e-02,3,0.001,128,50,3.199696123600006,111
100,6.648e-02,3,0.0001,128,50,3.343810260295868,147
100,4.659e-04,1,0.1,128,100,4.127465188503265,3
100,1.628e-02,1,0.01,128,100,4.759276926517487,10
100,3.218e-02,1,0.001,128,100,4.543603181838989,24
100,5.485e-02,1,0.0001,128,100,4.941040515899658,84
100,6.724e-02,2,0.1,128,100,4.736088514328003,156
100,4.934e-02,2,0.01,128,100,4.619898855686188,59
100,4.815e-02,2,0.001,128,100,4.60618531703949,47
100,5.351e-02,2,0.0001,128,100,4.85078102350235,81
100,6.812e-02,3,0.1,128,100,4.646078646183014,159
100,4.880e-02,3,0.01,128,100,5.193614661693573,51
100,6.538e-02,3,0.001,128,100,5.346206486225128,101
100,6.652e-02,3,0.0001,128,100,4.994647264480591,148
100,1.584e-02,1,0.1,256,10,2.302843391895294,8
100,6.538e-02,1,0.01,256,10,1.5832673907279968,99
100,5.765e-02,1,0.001,256,10,1.592491865158081,88
100,8.065e-02,1,0.0001,256,10,1.3379235863685608,183
100,4.931e-02,2,0.1,256,10,1.6099463105201721,58
100,6.547e-02,2,0.01,256,10,1.716682493686676,125
100,6.822e-02,2,0.001,256,10,1.633882224559784,160
100,7.645e-02,2,0.0001,256,10,1.6872395873069763,178
100,6.703e-02,3,0.1,256,10,1.7789943218231201,152
100,6.552e-02,3,0.01,256,10,1.7248879075050354,130
100,6.283e-02,3,0.001,256,10,1.8475610613822937,93
100,8.279e-02,3,0.0001,256,10,1.612438976764679,189
100,3.358e-02,1,0.1,256,25,1.5244245529174805,33
100,1.546e-02,1,0.01,256,25,1.7400986552238464,6
100,3.862e-02,1,0.001,256,25,1.9976592063903809,39
100,6.545e-02,1,0.0001,256,25,1.589001476764679,122
100,6.577e-02,2,0.1,256,25,2.0250864028930664,139
100,4.942e-02,2,0.01,256,25,1.7919593453407288,61
100,5.424e-02,2,0.001,256,25,1.964498221874237,83
100,7.998e-02,2,0.0001,256,25,2.070713996887207,181
100,6.686e-02,3,0.1,256,25,2.105122208595276,151
100,6.551e-02,3,0.01,256,25,1.9911766648292542,129
100,6.562e-02,3,0.001,256,25,2.083180248737335,137
100,8.043e-02,3,0.0001,256,25,1.9462972283363342,182
100,3.896e-04,1,0.1,256,50,2.0791913270950317,2
100,1.840e-02,1,0.01,256,50,1.9682375192642212,18
100,3.996e-02,1,0.001,256,50,2.3035911321640015,40
100,6.599e-02,1,0.0001,256,50,1.869003415107727,141
100,1.697e-02,2,0.1,256,50,2.4245181679725647,12
100,6.537e-02,2,0.01,256,50,2.1522462368011475,95
100,6.540e-02,2,0.001,256,50,2.542701780796051,110
100,7.618e-02,2,0.0001,256,50,2.157732605934143,177
100,5.069e-02,3,0.1,256,50,2.528490364551544,77
100,4.830e-02,3,0.01,256,50,2.6297196745872498,49
100,5.045e-02,3,0.001,256,50,2.8157227635383606,74
100,7.185e-02,3,0.0001,256,50,2.6880635023117065,170
100,3.426e-02,1,0.1,256,100,3.2577901482582092,37
100,1.624e-02,1,0.01,256,100,3.025410830974579,9
100,1.902e-02,1,0.001,256,100,3.1094371676445007,19
100,7.072e-02,1,0.0001,256,100,3.225626766681671,167
100,5.042e-02,2,0.1,256,100,3.2510589361190796,73
100,6.555e-02,2,0.01,256,100,3.295689582824707,132
100,4.884e-02,2,0.001,256,100,3.0722862482070923,54
100,6.544e-02,2,0.0001,256,100,3.3946744203567505,120
100,4.969e-02,3,0.1,256,100,3.3096523880958557,65
100,6.542e-02,3,0.01,256,100,3.599875569343567,118
100,6.537e-02,3,0.001,256,100,3.3699907064437866,98
100,7.076e-02,3,0.0001,256,100,3.7846315503120422,168
100,1.737e-02,1,0.1,512,10,1.756554365158081,14
100,5.359e-02,1,0.01,512,10,1.387790322303772,82
100,6.929e-02,1,0.001,512,10,1.5341481566429138,163
100,8.658e-02,1,0.0001,512,10,1.2962843775749207,192
100,6.545e-02,2,0.1,512,10,1.5815221667289734,121
100,6.541e-02,2,0.01,512,10,2.356200933456421,114
100,6.901e-02,2,0.001,512,10,1.9061535596847534,162
100,8.588e-02,2,0.0001,512,10,1.6029651165008545,191
100,5.047e-02,3,0.1,512,10,2.0719616413116455,75
100,6.541e-02,3,0.01,512,10,2.2387644052505493,113
100,7.563e-02,3,0.001,512,10,2.0163593888282776,176
100,8.160e-02,3,0.0001,512,10,1.9692357778549194,184
100,3.350e-02,1,0.1,512,25,1.6628042459487915,32
100,3.236e-02,1,0.01,512,25,1.6111931800842285,26
100,5.956e-02,1,0.001,512,25,1.6897323727607727,90
100,7.929e-02,1,0.0001,512,25,1.463836908340454,180
100,3.418e-02,2,0.1,512,25,1.9999028444290161,36
100,5.019e-02,2,0.01,512,25,1.9163766503334045,69
100,6.281e-02,2,0.001,512,25,1.7602943778038025,92
100,8.237e-02,2,0.0001,512,25,1.7495734691619873,188
100,6.537e-02,3,0.1,512,25,2.0308204293251038,96
100,4.812e-02,3,0.01,512,25,1.8809717893600464,44
100,5.760e-02,3,0.001,512,25,2.0480253100395203,87
100,8.226e-02,3,0.0001,512,25,2.0717111825942993,187
100,4.814e-02,1,0.1,512,50,1.6974624395370483,46
100,3.374e-02,1,0.01,512,50,1.7814877033233643,35
100,4.731e-02,1,0.001,512,50,1.8019322752952576,43
100,7.067e-02,1,0.0001,512,50,1.8857088685035706,166
100,6.547e-02,2,0.1,512,50,2.024836540222168,124
100,4.939e-02,2,0.01,512,50,2.0522627234458923,60
100,6.557e-02,2,0.001,512,50,1.961755096912384,134
100,8.174e-02,2,0.0001,512,50,1.952280342578888,185
100,6.538e-02,3,0.1,512,50,2.170198142528534,100
100,6.538e-02,3,0.01,512,50,2.2729235887527466,102
100,6.557e-02,3,0.001,512,50,2.222059428691864,135
100,8.324e-02,3,0.0001,512,50,2.2215608954429626,190
100,3.211e-02,1,0.1,512,100,2.087419033050537,23
100,5.021e-02,1,0.01,512,100,2.319049596786499,71
100,1.193e-02,1,0.001,512,100,2.2340275049209595,5
100,7.284e-02,1,0.0001,512,100,2.3310179710388184,174
100,6.549e-02,2,0.1,512,100,2.672106385231018,127
100,3.274e-02,2,0.01,512,100,2.6349557042121887,29
100,4.946e-02,2,0.001,512,100,2.5753644704818726,62
100,6.720e-02,2,0.0001,512,100,2.628473162651062,155
100,6.554e-02,3,0.1,512,100,2.616006374359131,131
100,6.541e-02,3,0.01,512,100,2.884289264678955,115
100,6.540e-02,3,0.001,512,100,2.665374279022217,107
100,7.193e-02,3,0.0001,512,100,2.832676947116852,171
300,3.477e-05,1,0.1,64,20,3.3300974369049072,3
300,1.292e-04,1,0.01,64,20,2.5599063634872437,13
300,5.555e-03,1,0.001,64,20,2.8020073771476746,34
300,4.931e-02,1,0.0001,64,20,2.751892864704132,135
300,1.747e-02,2,0.1,64,20,2.925179421901703,60
300,1.528e-02,2,0.01,64,20,2.8546181321144104,36
300,3.467e-02,2,0.001,64,20,2.7955263257026672,110
300,5.414e-02,2,0.0001,64,20,2.847886323928833,156
300,5.017e-02,3,0.1,64,20,3.051841676235199,143
300,2.479e-04,3,0.01,64,20,2.9944950342178345,24
300,3.492e-02,3,0.001,64,20,3.0461068153381348,112
300,6.427e-02,3,0.0001,64,20,3.20194011926651,165
300,2.307e-04,1,0.1,64,50,4.106271386146545,23
300,1.199e-04,1,0.01,64,50,5.06495875120163,12
300,5.789e-04,1,0.001,64,50,4.30623722076416,28
300,4.307e-02,1,0.0001,64,50,4.578010618686676,118
300,6.636e-02,2,0.1,64,50,4.342889606952667,173
300,1.553e-02,2,0.01,64,50,4.494234681129456,43
300,3.139e-02,2,0.001,64,50,4.290280401706696,82
300,5.262e-02,2,0.0001,64,50,4.483263969421387,154
300,6.598e-02,3,0.1,64,50,4.853524088859558,172
300,5.017e-02,3,0.01,64,50,4.829837381839752,144
300,3.274e-02,3,0.001,64,50,5.411532998085022,90
300,4.798e-02,3,0.0001,64,50,5.03678423166275,122
300,1.712e-02,1,0.1,64,100,7.533110082149506,58
300,1.060e-04,1,0.01,64,100,7.753271579742432,8
300,1.841e-04,1,0.001,64,100,6.972359538078308,15
300,1.643e-02,1,0.0001,64,100,7.999613881111145,47
300,3.369e-02,2,0.1,64,100,7.791918575763702,102
300,3.265e-02,2,0.01,64,100,7.357330560684204,88
300,1.546e-02,2,0.001,64,100,7.183794260025024,42
300,2.429e-02,2,0.0001,64,100,7.473270237445831,75
300,6.571e-02,3,0.1,64,100,8.388822436332703,171
300,2.741e-04,3,0.01,64,100,8.603001534938812,26
300,2.754e-05,3,0.001,64,100,8.913918793201447,2
300,1.970e-02,3,0.0001,64,100,8.778282046318054,73
300,6.605e-04,1,0.1,64,150,10.770205736160278,29
300,2.100e-04,1,0.01,64,150,11.145702242851257,20
300,1.614e-02,1,0.001,64,150,11.07863038778305,45
300,3.410e-03,1,0.0001,64,150,10.924294114112854,32
300,1.696e-02,2,0.1,64,150,10.95521205663681,57
300,1.534e-02,2,0.01,64,150,10.335368692874908,38
300,3.347e-02,2,0.001,64,150,10.184272944927216,99
300,3.482e-02,2,0.0001,64,150,10.602902889251709,111
300,5.044e-02,3,0.1,64,150,11.212772250175476,147
300,1.679e-02,3,0.01,64,150,12.658407986164093,50
300,4.872e-02,3,0.001,64,150,12.451959908008575,128
300,1.538e-02,3,0.0001,64,150,11.976730585098267,41
300,2.005e-04,1,0.1,128,20,4.1174920201301575,17
300,1.063e-04,1,0.01,128,20,2.6409398317337036,9
300,2.553e-02,1,0.001,128,20,2.2292903065681458,77
300,4.752e-02,1,0.0001,128,20,1.982200801372528,121
300,3.250e-02,2,0.1,128,20,2.299601912498474,86
300,4.875e-02,2,0.01,128,20,1.9707314372062683,130
300,3.268e-02,2,0.001,128,20,2.0043920278549194,89
300,7.797e-02,2,0.0001,128,20,2.1188347935676575,190
300,6.671e-02,3,0.1,128,20,2.186654269695282,174
300,3.216e-02,3,0.01,128,20,2.2529770135879517,85
300,1.843e-02,3,0.001,128,20,2.4377322793006897,71
300,7.485e-02,3,0.0001,128,20,2.470644533634186,188
300,1.756e-02,1,0.1,128,50,3.0466052293777466,63
300,1.147e-05,1,0.01,128,50,3.0097036957740784,1
300,7.490e-04,1,0.001,128,50,3.16329288482666,30
300,5.092e-02,1,0.0001,128,50,3.0131941437721252,151
300,5.007e-02,2,0.1,128,50,2.8296850323677063,142
300,1.672e-02,2,0.01,128,50,2.9493642449378967,49
300,1.647e-02,2,0.001,128,50,2.9932474493980408,48
300,6.688e-02,2,0.0001,128,50,3.1323758363723755,176
300,5.027e-02,3,0.1,128,50,3.278984010219574,145
300,3.263e-02,3,0.01,128,50,3.749476432800293,87
300,3.208e-02,3,0.001,128,50,3.4141231179237366,84
300,6.678e-02,3,0.0001,128,50,3.606608033180237,175
300,2.278e-04,1,0.1,128,100,4.4353920221328735,22
300,1.039e-04,1,0.01,128,100,4.5844937562942505,7
300,2.096e-04,1,0.001,128,100,4.446861445903778,19
300,4.209e-02,1,0.0001,128,100,4.82983785867691,117
300,1.743e-02,2,0.1,128,100,4.927327394485474,59
300,4.945e-02,2,0.01,128,100,4.56903463602066,140
300,1.533e-02,2,0.001,128,100,4.561803638935089,37
300,5.068e-02,2,0.0001,128,100,4.577262699604034,150
300,1.832e-02,3,0.1,128,100,4.841307103633881,70
300,4.942e-02,3,0.01,128,100,5.77281641960144,138
300,4.812e-02,3,0.001,128,100,5.332992672920227,124
300,5.030e-02,3,0.0001,128,100,5.643412292003632,146
300,1.824e-02,1,0.1,128,150,6.449507534503937,69
300,1.752e-04,1,0.01,128,150,6.741227149963379,14
300,1.186e-04,1,0.001,128,150,7.231167912483215,10
300,2.750e-02,1,0.0001,128,150,6.533531427383423,79
300,4.856e-02,2,0.1,128,150,6.349275231361389,127
300,2.061e-04,2,0.01,128,150,6.585643291473389,18
300,1.619e-02,2,0.001,128,150,6.212142109870911,46
300,3.323e-02,2,0.0001,128,150,6.443772912025452,98
300,5.060e-02,3,0.1,128,150,6.810542345046997,149
300,3.144e-02,3,0.01,128,150,7.835800528526306,83
300,1.535e-02,3,0.001,128,150,7.592452228069305,39
300,3.639e-02,3,0.0001,128,150,7.682709991931915,114
300,1.887e-04,1,0.1,256,20,2.9037370085716248,16
300,1.786e-02,1,0.01,256,20,1.9360740780830383,68
300,2.692e-02,1,0.001,256,20,1.5914953351020813,78
300,7.269e-02,1,0.0001,256,20,1.7650315165519714,185
300,3.302e-02,2,0.1,256,20,1.8560373783111572,97
300,1.556e-02,2,0.01,256,20,1.7081829905509949,44
300,3.619e-02,2,0.001,256,20,1.69097900390625,113
300,7.478e-02,2,0.0001,256,20,1.7553074955940247,187
300,5.060e-02,3,0.1,256,20,1.887704074382782,148
300,3.423e-02,3,0.01,256,20,2.4063162207603455,107
300,6.182e-02,3,0.001,256,20,2.035308837890625,164
300,7.636e-02,3,0.0001,256,20,2.194882333278656,189
300,2.615e-04,1,0.1,256,50,2.0330651998519897,25
300,1.691e-02,1,0.01,256,50,2.2956125140190125,56
300,1.926e-02,1,0.001,256,50,2.195131778717041,72
300,5.857e-02,1,0.0001,256,50,2.295363485813141,163
300,3.283e-02,2,0.1,256,50,2.31057345867157,93
300,3.294e-02,2,0.01,256,50,2.3255327343940735,96
300,4.877e-02,2,0.001,256,50,2.654652774333954,131
300,6.526e-02,2,0.0001,256,50,2.3619353771209717,167
300,5.122e-02,3,0.1,256,50,2.709755599498749,153
300,3.413e-02,3,0.01,256,50,2.690806031227112,105
300,3.456e-02,3,0.001,256,50,3.0099531412124634,109
300,7.202e-02,3,0.0001,256,50,2.874814212322235,184
300,3.387e-02,1,0.1,256,100,3.018180787563324,104
300,1.536e-02,1,0.01,256,100,3.0593219995498657,40
300,4.093e-03,1,0.001,256,100,3.079018294811249,33
300,3.741e-02,1,0.0001,256,100,3.159802734851837,116
300,1.775e-02,2,0.1,256,100,3.5031346678733826,67
300,4.942e-02,2,0.01,256,100,3.699110746383667,139
300,4.874e-02,2,0.001,256,100,3.3403202891349792,129
300,7.040e-02,2,0.0001,256,100,3.289954125881195,181
300,3.434e-02,3,0.1,256,100,3.663206160068512,108
300,4.951e-02,3,0.01,256,100,4.2129873633384705,141
300,1.686e-02,3,0.001,256,100,3.6509889364242554,55
300,5.576e-02,3,0.0001,256,100,3.8337504267692566,161
300,2.796e-04,1,0.1,256,150,4.248142659664154,27
300,1.748e-02,1,0.01,256,150,4.570281744003296,61
300,1.771e-02,1,0.001,256,150,4.552578330039978,65
300,5.117e-02,1,0.0001,256,150,4.284795105457306,152
300,6.707e-02,2,0.1,256,150,4.4356414675712585,178
300,3.363e-02,2,0.01,256,150,4.400485396385193,101
300,4.814e-02,2,0.001,256,150,4.239914536476135,125
300,5.368e-02,2,0.0001,256,150,4.451099991798401,155
300,3.371e-02,3,0.1,256,150,4.84404993057251,103
300,4.879e-02,3,0.01,256,150,5.168681502342224,132
300,3.289e-02,3,0.001,256,150,5.104104042053223,95
300,5.611e-02,3,0.0001,256,150,4.688465416431427,162
300,3.360e-02,1,0.1,512,20,2.3776437044143677,100
300,1.684e-02,1,0.01,512,20,1.5760361552238464,52
300,4.676e-02,1,0.001,512,20,1.492759883403778,120
300,7.074e-02,1,0.0001,512,20,1.7772487998008728,182
300,4.810e-02,2,0.1,512,20,1.62565416097641,123
300,3.414e-02,2,0.01,512,20,1.575787603855133,106
300,4.938e-02,2,0.001,512,20,1.6750219464302063,137
300,8.308e-02,2,0.0001,512,20,1.710178256034851,192
300,6.545e-02,3,0.1,512,20,1.8111575245857239,170
300,3.284e-02,3,0.01,512,20,1.7228940725326538,94
300,5.505e-02,3,0.001,512,20,1.8410781025886536,158
300,8.301e-02,3,0.0001,512,20,1.8625215888023376,191
300,1.012e-04,1,0.1,512,50,1.667042851448059,5
300,1.198e-04,1,0.01,512,50,1.7071862816810608,11
300,2.860e-02,1,0.001,512,50,1.7622884511947632,80
300,6.813e-02,1,0.0001,512,50,1.8350940942764282,179
300,1.686e-02,2,0.1,512,50,1.938567340373993,54
300,6.541e-02,2,0.01,512,50,2.215078592300415,168
300,4.466e-02,2,0.001,512,50,2.2280433773994446,119
300,7.168e-02,2,0.0001,512,50,1.9881845712661743,183
300,6.542e-02,3,0.1,512,50,2.3252832293510437,169
300,4.935e-02,3,0.01,512,50,2.3641796708106995,136
300,3.738e-02,3,0.001,512,50,2.248489022254944,115
300,6.933e-02,3,0.0001,512,50,2.1876510977745056,180
300,1.681e-02,1,0.1,512,100,2.1405277252197266,51
300,2.235e-04,1,0.01,512,100,2.291872978210449,21
300,7.328e-03,1,0.001,512,100,2.383378028869629,35
300,6.468e-02,1,0.0001,512,100,2.2726741433143616,166
300,4.883e-02,2,0.1,512,100,2.592070162296295,134
300,3.275e-02,2,0.01,512,100,2.6032906770706177,91
300,1.771e-02,2,0.001,512,100,2.4005815982818604,66
300,7.360e-02,2,0.0001,512,100,2.718981146812439,186
300,1.765e-02,3,0.1,512,100,2.993247628211975,64
300,1.748e-02,3,0.01,512,100,2.8354198336601257,62
300,2.434e-02,3,0.001,512,100,2.9072275161743164,76
300,6.689e-02,3,0.0001,512,100,2.9867653250694275,177
300,1.013e-04,1,0.1,512,150,2.7491500973701477,6
300,8.490e-05,1,0.01,512,150,3.148333191871643,4
300,3.151e-03,1,0.001,512,150,2.9658212065696716,31
300,5.518e-02,1,0.0001,512,150,2.9852688908576965,159
300,4.879e-02,2,0.1,512,150,3.30117404460907,133
300,3.138e-02,2,0.01,512,150,3.1495795845985413,81
300,2.029e-02,2,0.001,512,150,3.095724105834961,74
300,5.549e-02,2,0.0001,512,150,2.962579607963562,160
300,4.839e-02,3,0.1,512,150,3.4305782318115234,126
300,1.685e-02,3,0.01,512,150,4.130457758903503,53
300,3.281e-02,3,0.001,512,150,3.5669639110565186,92
300,5.420e-02,3,0.0001,512,150,3.207674205303192,157
600,1.145e-05,1,0.1,64,20,3.6661993265151978,9
600,1.496e-05,1,0.01,64,20,3.5744442343711853,17
600,1.361e-03,1,0.001,64,20,2.518267810344696,83
600,4.643e-02,1,0.0001,64,20,2.695792853832245,163
600,3.476e-02,2,0.1,64,20,3.185982823371887,152
600,5.061e-05,2,0.01,64,20,2.8239506483078003,41
600,1.674e-02,2,0.001,64,20,2.696292281150818,113
600,6.009e-02,2,0.0001,64,20,2.882793366909027,182
600,4.935e-02,3,0.1,64,20,2.730949342250824,167
600,2.299e-05,3,0.01,64,20,3.0780214071273804,23
600,9.646e-04,3,0.001,64,20,2.7164875268936157,80
600,5.536e-02,3,0.0001,64,20,3.1056951880455017,175
600,1.047e-04,1,0.1,64,50,4.3595945835113525,55
600,1.819e-05,1,0.01,64,50,4.572774708271027,20
600,7.092e-05,1,0.001,64,50,5.1427512764930725,50
600,3.576e-02,1,0.0001,64,50,5.105351030826569,154
600,1.769e-02,2,0.1,64,50,4.338651120662689,121
600,1.877e-05,2,0.01,64,50,4.528144299983978,21
600,2.321e-05,2,0.001,64,50,4.690460026264191,25
600,2.740e-02,2,0.0001,64,50,5.081165909767151,128
600,3.418e-02,3,0.1,64,50,5.2664201855659485,149
600,3.279e-02,3,0.01,64,50,5.263428270816803,137
600,2.315e-05,3,0.001,64,50,4.985172152519226,24
600,2.711e-02,3,0.0001,64,50,5.357427477836609,127
600,7.838e-05,1,0.1,64,100,7.481748044490814,53
600,8.228e-06,1,0.01,64,100,7.999363422393799,3
600,7.049e-05,1,0.001,64,100,7.806629121303558,49
600,5.097e-03,1,0.0001,64,100,7.6021758913993835,90
600,3.298e-02,2,0.1,64,100,8.448662459850311,141
600,3.163e-05,2,0.01,64,100,8.995201349258423,30
600,3.018e-05,2,0.001,64,100,7.872204065322876,29
600,1.598e-03,2,0.0001,64,100,7.849015891551971,84
600,1.669e-02,3,0.1,64,100,8.931122839450836,110
600,3.269e-02,3,0.01,64,100,9.106154918670654,135
600,5.632e-05,3,0.001,64,100,8.971764147281647,43
600,1.325e-04,3,0.0001,64,100,9.110143899917603,60
600,6.353e-04,1,0.1,64,150,10.59841501712799,77
600,1.302e-05,1,0.01,64,150,10.98164039850235,12
600,1.471e-05,1,0.001,64,150,10.787160277366638,16
600,1.156e-03,1,0.0001,64,150,10.643544614315033,82
600,3.298e-02,2,0.1,64,150,12.269198417663574,140
600,1.738e-02,2,0.01,64,150,12.554435968399048,117
600,4.767e-05,2,0.001,64,150,11.863532900810242,40
600,1.852e-02,2,0.0001,64,150,12.82596081495285,124
600,3.389e-02,3,0.1,64,150,12.141539990901947,148
600,1.739e-02,3,0.01,64,150,12.991766571998596,118
600,1.527e-02,3,0.001,64,150,12.829700112342834,97
600,1.688e-02,3,0.0001,64,150,12.343999207019806,116
600,4.193e-05,1,0.1,128,20,3.3413172364234924,35
600,1.318e-05,1,0.01,128,20,2.6706104278564453,13
600,4.863e-03,1,0.001,128,20,2.126315712928772,88
600,5.297e-02,1,0.0001,128,20,1.9191197156906128,170
600,1.748e-02,2,0.1,128,20,2.083430051803589,120
600,2.782e-05,2,0.01,128,20,2.1056207418441772,28
600,9.439e-03,2,0.001,128,20,2.5115365386009216,93
600,6.587e-02,2,0.0001,128,20,2.37913978099823,187
600,3.266e-02,3,0.1,128,20,2.628473162651062,134
600,1.674e-02,3,0.01,128,20,2.399335563182831,112
600,1.540e-02,3,0.001,128,20,2.6145099997520447,100
600,5.528e-02,3,0.0001,128,20,2.3340097069740295,174
600,1.194e-05,1,0.1,128,50,3.3151373267173767,10
600,1.514e-05,1,0.01,128,50,2.9174497723579407,19
600,2.209e-04,1,0.001,128,50,2.8815468549728394,70
600,4.457e-02,1,0.0001,128,50,3.0284042954444885,161
600,4.922e-02,2,0.1,128,50,3.1199092268943787,166
600,1.209e-05,2,0.01,128,50,3.3684945106506348,11
600,1.794e-04,2,0.001,128,50,3.4298303723335266,64
600,5.425e-02,2,0.0001,128,50,3.377969741821289,172
600,1.686e-02,3,0.1,128,50,3.664453089237213,115
600,1.671e-02,3,0.01,128,50,3.7380064725875854,111
600,1.531e-02,3,0.001,128,50,3.4123770594596863,99
600,5.715e-02,3,0.0001,128,50,3.5627251863479614,179
600,2.230e-04,1,0.1,128,100,4.821111023426056,71
600,8.242e-06,1,0.01,128,100,5.057479560375214,4
600,2.112e-04,1,0.001,128,100,5.13227915763855,69
600,3.291e-02,1,0.0001,128,100,5.113578796386719,139
600,3.320e-02,2,0.1,128,100,4.857263803482056,143
600,1.206e-04,2,0.01,128,100,5.403305411338806,58
600,4.323e-05,2,0.001,128,100,5.060720384120941,36
600,1.453e-02,2,0.0001,128,100,5.1761616468429565,96
600,5.092e-02,3,0.1,128,100,5.63668030500412,168
600,1.528e-02,3,0.01,128,100,5.45965301990509,98
600,4.810e-02,3,0.001,128,100,5.426741778850555,165
600,1.779e-02,3,0.0001,128,100,6.016166090965271,122
600,1.858e-04,1,0.1,128,150,6.279960930347443,66
600,3.904e-05,1,0.01,128,150,6.2540313601493835,32
600,8.947e-05,1,0.001,128,150,6.8716288805007935,54
600,9.800e-03,1,0.0001,128,150,6.29143100976944,94
600,1.802e-02,2,0.1,128,150,7.582727670669556,123
600,7.268e-05,2,0.01,128,150,7.532112777233124,51
600,1.581e-04,2,0.001,128,150,7.287017643451691,61
600,4.734e-03,2,0.0001,128,150,8.066434383392334,87
600,1.621e-02,3,0.1,128,150,8.052969455718994,106
600,2.376e-05,3,0.01,128,150,8.262909650802612,26
600,9.505e-06,3,0.001,128,150,8.009088099002838,7
600,9.322e-04,3,0.0001,128,150,7.840788304805756,79
600,4.584e-05,1,0.1,256,20,2.822454333305359,38
600,1.217e-04,1,0.01,256,20,2.4182851314544678,59
600,2.953e-02,1,0.001,256,20,2.0004018545150757,129
600,5.980e-02,1,0.0001,256,20,2.0495203733444214,181
600,3.368e-02,2,0.1,256,20,2.133794903755188,146
600,5.913e-05,2,0.01,256,20,2.217321991920471,46
600,1.186e-02,2,0.001,256,20,1.863019585609436,95
600,6.951e-02,2,0.0001,256,20,2.057250738143921,189
600,3.421e-02,3,0.1,256,20,2.057000756263733,150
600,5.184e-05,3,0.01,256,20,1.9669916033744812,42
600,7.153e-03,3,0.001,256,20,2.406815230846405,91
600,6.865e-02,3,0.0001,256,20,2.089413583278656,188
600,3.182e-05,1,0.1,256,50,2.141524612903595,31
600,4.724e-05,1,0.01,256,50,2.33550626039505,39
600,1.981e-03,1,0.001,256,50,2.1726911664009094,86
600,5.670e-02,1,0.0001,256,50,2.349468410015106,177
600,3.426e-02,2,0.1,256,50,2.3606885075569153,151
600,1.747e-02,2,0.01,256,50,2.487349033355713,119
600,1.655e-02,2,0.001,256,50,2.554422080516815,109
600,3.666e-02,2,0.0001,256,50,2.8296849727630615,155
600,1.565e-02,3,0.1,256,50,2.491836965084076,102
600,5.762e-05,3,0.01,256,50,3.042367100715637,44
600,1.820e-04,3,0.001,256,50,2.929667830467224,65
600,6.150e-02,3,0.0001,256,50,2.74989777803421,184
600,2.646e-05,1,0.1,256,100,3.0810123682022095,27
600,8.137e-06,1,0.01,256,100,3.0969706773757935,2
600,2.034e-04,1,0.001,256,100,3.5804275274276733,68
600,3.541e-02,1,0.0001,256,100,3.294940948486328,153
600,2.452e-04,2,0.1,256,100,3.4101333022117615,74
600,3.209e-02,2,0.01,256,100,3.705842971801758,132
600,6.233e-05,2,0.001,256,100,3.732272148132324,47
600,4.264e-02,2,0.0001,256,100,3.8110618591308594,159
600,1.644e-02,3,0.1,256,100,3.978363871574402,107
600,1.543e-02,3,0.01,256,100,4.201517283916473,101
600,1.678e-02,3,0.001,256,100,4.042941212654114,114
600,5.453e-02,3,0.0001,256,100,4.635106384754181,173
600,1.723e-04,1,0.1,256,150,4.0065388679504395,63
600,4.420e-05,1,0.01,256,150,4.604689538478851,37
600,7.455e-05,1,0.001,256,150,4.472542583942413,52
600,3.309e-02,1,0.0001,256,150,4.137189507484436,142
600,1.620e-02,2,0.1,256,150,4.950266480445862,105
600,1.681e-04,2,0.01,256,150,4.601697146892548,62
600,1.869e-04,2,0.001,256,150,4.7640141248703,67
600,3.148e-02,2,0.0001,256,150,4.8024104833602905,131
600,1.575e-02,3,0.1,256,150,5.124549865722656,103
600,3.350e-02,3,0.01,256,150,5.085154831409454,144
600,4.279e-06,3,0.001,256,150,4.9879173040390015,1
600,3.373e-02,3,0.0001,256,150,4.989910006523132,147
600,4.064e-05,1,0.1,512,20,2.3958452343940735,34
600,2.287e-04,1,0.01,512,20,1.709927260875702,72
600,3.865e-02,1,0.001,512,20,1.5643179416656494,157
600,7.388e-02,1,0.0001,512,20,1.6807570457458496,190
600,3.274e-02,2,0.1,512,20,1.6815040707588196,136
600,3.141e-02,2,0.01,512,20,1.6256535053253174,130
600,4.068e-02,2,0.001,512,20,1.5897509455680847,158
600,7.462e-02,2,0.0001,512,20,1.7839808464050293,191
600,3.350e-02,3,0.1,512,20,1.762040138244629,145
600,1.647e-02,3,0.01,512,20,1.7059393525123596,108
600,5.188e-02,3,0.001,512,20,2.0602422952651978,169
600,7.764e-02,3,0.0001,512,20,1.902912676334381,192
600,8.275e-06,1,0.1,512,50,1.7822347283363342,5
600,6.327e-05,1,0.01,512,50,1.9044089317321777,48
600,9.143e-03,1,0.001,512,50,2.1629674434661865,92
600,5.938e-02,1,0.0001,512,50,2.1215785145759583,180
600,1.614e-02,2,0.1,512,50,2.097393035888672,104
600,1.122e-04,2,0.01,512,50,2.3818823099136353,57
600,1.946e-02,2,0.001,512,50,2.3601900935173035,125
600,6.250e-02,2,0.0001,512,50,2.242753744125366,186
600,2.390e-04,3,0.1,512,50,2.2928702235221863,73
600,4.058e-05,3,0.01,512,50,2.1587284803390503,33
600,1.952e-02,3,0.001,512,50,2.3183016777038574,126
600,6.201e-02,3,0.0001,512,50,2.275416612625122,185
600,1.460e-05,1,0.1,512,100,2.5574130415916443,15
600,1.427e-05,1,0.01,512,100,2.5299859046936035,14
600,1.978e-03,1,0.001,512,100,2.4908403754234314,85
600,4.323e-02,1,0.0001,512,100,2.5736188292503357,160
600,3.714e-04,2,0.1,512,100,3.0543349385261536,75
600,2.150e-05,2,0.01,512,100,2.9408881664276123,22
600,3.283e-02,2,0.001,512,100,2.8045021891593933,138
600,5.630e-02,2,0.0001,512,100,2.9289196133613586,176
600,4.807e-02,3,0.1,512,100,3.3281021118164062,164
600,1.085e-04,3,0.01,512,100,3.058573067188263,56
600,5.784e-05,3,0.001,512,100,2.722471594810486,45
600,5.423e-02,3,0.0001,512,100,3.160550355911255,171
600,1.512e-05,1,0.1,512,150,2.947121262550354,18
600,1.064e-05,1,0.01,512,150,3.2739973068237305,8
600,4.945e-04,1,0.001,512,150,3.0767745971679688,76
600,4.596e-02,1,0.0001,512,150,2.9498636722564697,162
600,1.051e-03,2,0.1,512,150,3.4395541548728943,81
600,9.273e-04,2,0.01,512,150,3.3395721316337585,78
600,4.992e-03,2,0.001,512,150,3.3871943950653076,89
600,6.036e-02,2,0.0001,512,150,3.3856987357139587,183
600,3.220e-02,3,0.1,512,150,3.8015868067741394,133
600,9.281e-06,3,0.01,512,150,3.7529669404029846,6
600,3.819e-02,3,0.001,512,150,3.865416169166565,156
600,5.705e-02,3,0.0001,512,150,3.390436351299286,178
1000,1.103e-04,1,0.1,64,20,3.479198396205902,77
1000,4.155e-06,1,0.01,64,20,3.7375078797340393,13
1000,3.064e-04,1,0.001,64,20,2.5698798298835754,93
1000,3.128e-02,1,0.0001,64,20,2.622738242149353,151
1000,1.267e-03,2,0.1,64,20,2.7528910040855408,106
1000,9.502e-06,2,0.01,64,20,2.9670676589012146,28
1000,3.043e-04,2,0.001,64,20,2.682328760623932,92
1000,5.300e-02,2,0.0001,64,20,2.825446367263794,177
1000,3.431e-02,3,0.1,64,20,3.1002113223075867,162
1000,1.889e-05,3,0.01,64,20,2.9737995862960815,45
1000,4.831e-05,3,0.001,64,20,3.1974509954452515,62
1000,3.233e-02,3,0.0001,64,20,3.0942271947860718,154
1000,4.052e-04,1,0.1,64,50,4.181570887565613,96
1000,1.270e-06,1,0.01,64,50,4.573522865772247,2
1000,6.444e-05,1,0.001,64,50,5.298334956169128,67
1000,1.617e-02,1,0.0001,64,50,4.522907972335815,129
1000,5.268e-05,2,0.1,64,50,4.275070488452911,64
1000,1.046e-05,2,0.01,64,50,5.034789264202118,30
1000,2.278e-05,2,0.001,64,50,4.833327770233154,48
1000,1.226e-02,2,0.0001,64,50,6.0655335783958435,119
1000,4.903e-02,3,0.1,64,50,5.508024215698242,173
1000,1.674e-02,3,0.01,64,50,5.22428297996521,132
1000,1.730e-05,3,0.001,64,50,5.122554540634155,41
1000,8.232e-03,3,0.0001,64,50,5.196357905864716,114
1000,2.897e-04,1,0.1,64,100,7.496458649635315,91
1000,1.051e-06,1,0.01,64,100,7.714873671531677,1
1000,3.013e-05,1,0.001,64,100,8.07017457485199,53
1000,2.404e-03,1,0.0001,64,100,7.865222454071045,109
1000,1.736e-02,2,0.1,64,100,8.09660404920578,139
1000,2.040e-05,2,0.01,64,100,8.694754779338837,47
1000,1.031e-05,2,0.001,64,100,8.484067380428314,29
1000,5.382e-04,2,0.0001,64,100,9.584127068519592,100
1000,6.671e-02,3,0.1,64,100,9.275452315807343,188
1000,6.210e-06,3,0.01,64,100,8.811443090438843,22
1000,1.610e-02,3,0.001,64,100,9.119867324829102,127
1000,5.216e-04,3,0.0001,64,100,8.667078912258148,99
1000,1.773e-02,1,0.1,64,150,11.116032004356384,142
1000,2.944e-06,1,0.01,64,150,11.349407732486725,9
1000,5.516e-06,1,0.001,64,150,11.183849275112152,18
1000,1.941e-03,1,0.0001,64,150,11.558848261833191,108
1000,3.454e-02,2,0.1,64,150,11.91414749622345,163
1000,3.809e-06,2,0.01,64,150,12.114611804485321,11
1000,4.996e-06,2,0.001,64,150,12.559921264648438,15
1000,3.217e-04,2,0.0001,64,150,12.085938274860382,94
1000,3.431e-02,3,0.1,64,150,12.65541559457779,161
1000,5.893e-06,3,0.01,64,150,13.147849559783936,20
1000,3.161e-06,3,0.001,64,150,12.799032270908356,10
1000,6.833e-03,3,0.0001,64,150,13.475972294807434,113
1000,1.629e-02,1,0.1,128,20,3.4295809864997864,130
1000,1.228e-05,1,0.01,128,20,2.7651079297065735,34
1000,9.950e-04,1,0.001,128,20,2.443467855453491,103
1000,4.899e-02,1,0.0001,128,20,1.9991552829742432,172
1000,1.682e-02,2,0.1,128,20,2.2322822213172913,136
1000,6.177e-06,2,0.01,128,20,2.234526038169861,21
1000,1.521e-03,2,0.001,128,20,2.1320497393608093,107
1000,5.613e-02,2,0.0001,128,20,2.2679365277290344,180
1000,1.750e-02,3,0.1,128,20,2.246493935585022,141
1000,3.200e-05,3,0.01,128,20,2.2432543635368347,57
1000,1.920e-04,3,0.001,128,20,2.5060503482818604,89
1000,6.152e-02,3,0.0001,128,20,2.278408408164978,185
1000,1.831e-05,1,0.1,128,50,2.6643771529197693,44
1000,6.998e-06,1,0.01,128,50,3.0570766925811768,25
1000,1.540e-04,1,0.001,128,50,3.3495452404022217,85
1000,3.408e-02,1,0.0001,128,50,3.027406692504883,158
1000,1.779e-04,2,0.1,128,50,3.498396933078766,87
1000,1.549e-05,2,0.01,128,50,3.284219741821289,39
1000,1.351e-05,2,0.001,128,50,3.2994292974472046,36
1000,3.182e-02,2,0.0001,128,50,3.546020746231079,152
1000,6.625e-05,3,0.1,128,50,3.465485394001007,68
1000,1.895e-05,3,0.01,128,50,3.6821552515029907,46
1000,3.092e-05,3,0.001,128,50,3.6642038822174072,56
1000,5.120e-02,3,0.0001,128,50,3.924757182598114,175
1000,6.826e-05,1,0.1,128,100,4.551082730293274,69
1000,1.829e-06,1,0.01,128,100,4.948769748210907,3
1000,5.001e-05,1,0.001,128,100,4.639097273349762,63
1000,1.184e-02,1,0.0001,128,100,4.9537564516067505,118
1000,1.358e-04,2,0.1,128,100,5.4197604060173035,82
1000,1.146e-05,2,0.01,128,100,5.620473623275757,32
1000,6.956e-06,2,0.001,128,100,5.084157288074493,24
1000,1.494e-02,2,0.0001,128,100,5.466136455535889,121
1000,6.644e-02,3,0.1,128,100,5.617731750011444,187
1000,4.179e-06,3,0.01,128,100,5.881525874137878,14
1000,2.545e-06,3,0.001,128,100,5.91767942905426,8
1000,1.116e-02,3,0.0001,128,100,6.089470088481903,117
1000,1.387e-04,1,0.1,128,150,6.256274223327637,83
1000,2.281e-06,1,0.01,128,150,6.7369884848594666,5
1000,1.797e-05,1,0.001,128,150,6.516827344894409,43
1000,4.373e-03,1,0.0001,128,150,7.04491513967514,111
1000,1.681e-02,2,0.1,128,150,7.25360780954361,135
1000,1.033e-04,2,0.01,128,150,7.233661592006683,76
1000,1.735e-02,2,0.001,128,150,7.335389018058777,137
1000,4.030e-03,2,0.0001,128,150,7.172075271606445,110
1000,3.227e-02,3,0.1,128,150,8.005597651004791,153
1000,1.398e-05,3,0.01,128,150,8.050477147102356,37
1000,1.610e-02,3,0.001,128,150,7.544331431388855,128
1000,4.704e-04,3,0.0001,128,150,7.562531590461731,97
1000,8.894e-05,1,0.1,256,20,3.112928032875061,73
1000,2.886e-05,1,0.01,256,20,2.1193337440490723,52
1000,2.135e-02,1,0.001,256,20,1.6191713213920593,145
1000,5.833e-02,1,0.0001,256,20,1.6308903098106384,182
1000,3.426e-02,2,0.1,256,20,2.0450331568717957,159
1000,5.478e-05,2,0.01,256,20,1.9265998005867004,65
1000,9.309e-03,2,0.001,256,20,1.873241364955902,116
1000,6.131e-02,2,0.0001,256,20,2.171943485736847,184
1000,9.915e-04,3,0.1,256,20,2.0654783844947815,102
1000,1.197e-04,3,0.01,256,20,2.004641115665436,79
1000,1.898e-02,3,0.001,256,20,1.9707313776016235,144
1000,6.635e-02,3,0.0001,256,20,1.9552722573280334,186
1000,7.482e-06,1,0.1,256,50,2.0086304545402527,26
1000,1.590e-05,1,0.01,256,50,2.1298060417175293,40
1000,1.200e-03,1,0.001,256,50,2.7197288274765015,104
1000,4.295e-02,1,0.0001,256,50,2.142521917819977,168
1000,1.579e-02,2,0.1,256,50,2.5145265460014343,126
1000,5.613e-06,2,0.01,256,50,2.8568620085716248,19
1000,8.424e-03,2,0.001,256,50,2.8286876678466797,115
1000,6.830e-02,2,0.0001,256,50,2.8229531049728394,189
1000,4.874e-02,3,0.1,256,50,2.595061719417572,171
1000,3.320e-05,3,0.01,256,50,2.772089123725891,58
1000,1.236e-04,3,0.001,256,50,2.72446608543396,81
1000,4.400e-02,3,0.0001,256,50,2.719729244709015,170
1000,1.218e-04,1,0.1,256,100,2.949363887310028,80
1000,2.489e-06,1,0.01,256,100,3.366998791694641,6
1000,8.432e-05,1,0.001,256,100,3.264023542404175,71
1000,3.502e-02,1,0.0001,256,100,3.3764731884002686,164
1000,1.526e-02,2,0.1,256,100,3.643259346485138,122
1000,4.148e-05,2,0.01,256,100,3.8060749769210815,60
1000,3.073e-05,2,0.001,256,100,3.8422273993492126,55
1000,3.011e-02,2,0.0001,256,100,3.5744442343711853,149
1000,3.398e-02,3,0.1,256,100,4.151402592658997,156
1000,1.288e-05,3,0.01,256,100,4.3695685267448425,35
1000,2.628e-05,3,0.001,256,100,4.486754477024078,49
1000,3.045e-02,3,0.0001,256,100,4.613166928291321,150
1000,1.672e-02,1,0.1,256,150,4.271579444408417,131
1000,2.511e-06,1,0.01,256,150,4.680736005306244,7
1000,2.850e-05,1,0.001,256,150,4.690211236476898,51
1000,2.638e-02,1,0.0001,256,150,4.522409737110138,146
1000,1.541e-04,2,0.1,256,150,4.90139627456665,86
1000,8.418e-06,2,0.01,256,150,4.865741968154907,27
1000,2.667e-05,2,0.001,256,150,4.804655134677887,50
1000,2.646e-02,2,0.0001,256,150,4.948021471500397,147
1000,9.779e-04,3,0.1,256,150,5.240490257740021,101
1000,3.960e-06,3,0.01,256,150,5.254951000213623,12
1000,5.460e-06,3,0.001,256,150,5.361915349960327,17
1000,1.566e-02,3,0.0001,256,150,5.8451220989227295,125
1000,1.023e-04,1,0.1,512,20,2.448952794075012,75
1000,5.909e-05,1,0.01,512,20,1.844071626663208,66
1000,3.538e-02,1,0.001,512,20,1.6650486588478088,165
1000,7.294e-02,1,0.0001,512,20,1.5057243704795837,191
1000,1.677e-02,2,0.1,512,20,1.6141847372055054,133
1000,1.871e-04,2,0.01,512,20,1.7772493362426758,88
1000,2.674e-02,2,0.001,512,20,1.5715485215187073,148
1000,7.765e-02,2,0.0001,512,20,1.6832506656646729,192
1000,1.824e-02,3,0.1,512,20,1.8463140726089478,143
1000,1.177e-04,3,0.01,512,20,2.0786927938461304,78
1000,3.428e-02,3,0.001,512,20,1.7710151076316833,160
1000,7.171e-02,3,0.0001,512,20,1.7964473962783813,190
1000,1.678e-02,1,0.1,512,50,1.6568217277526855,134
1000,1.206e-05,1,0.01,512,50,1.673276960849762,33
1000,4.725e-03,1,0.001,512,50,1.7637845873832703,112
1000,5.271e-02,1,0.0001,512,50,1.9737233519554138,176
1000,1.982e-04,2,0.1,512,50,2.0729576349258423,90
1000,3.055e-05,2,0.01,512,50,1.9831975102424622,54
1000,1.257e-02,2,0.001,512,50,2.4489526748657227,120
1000,6.005e-02,2,0.0001,512,50,1.949289619922638,183
1000,3.407e-02,3,0.1,512,50,2.3377501368522644,157
1000,1.531e-02,3,0.01,512,50,2.824697971343994,124
1000,1.227e-03,3,0.001,512,50,2.2661917209625244,105
1000,5.770e-02,3,0.0001,512,50,2.402577042579651,181
1000,8.698e-05,1,0.1,512,100,2.282398283481598,72
1000,6.324e-06,1,0.01,512,100,2.6768442392349243,23
1000,5.028e-04,1,0.001,512,100,2.3931047320365906,98
1000,3.807e-02,1,0.0001,512,100,2.27142733335495,166
1000,1.736e-02,2,0.1,512,100,2.687066614627838,138
1000,4.454e-05,2,0.01,512,100,2.5117850303649902,61
1000,1.399e-04,2,0.001,512,100,2.8703263998031616,84
1000,5.038e-02,2,0.0001,512,100,2.7548847794532776,174
1000,1.738e-02,3,0.1,512,100,3.7063412070274353,140
1000,1.112e-05,3,0.01,512,100,3.0797669291496277,31
1000,1.755e-05,3,0.001,512,100,2.9234339594841003,42
1000,5.435e-02,3,0.0001,512,100,2.9787861704826355,178
1000,8.060e-05,1,0.1,512,150,3.4757080078125,70
1000,1.462e-05,1,0.01,512,150,3.6779170632362366,38
1000,3.218e-04,1,0.001,512,150,3.5951380729675293,95
1000,4.377e-02,1,0.0001,512,150,3.2921982407569885,169
1000,1.527e-02,2,0.1,512,150,3.570953071117401,123
1000,5.265e-06,2,0.01,512,150,3.5507563948631287,16
1000,9.719e-05,2,0.001,512,150,3.6804099678993225,74
1000,4.105e-02,2,0.0001,512,150,3.728564441204071,167
1000,3.341e-02,3,0.1,512,150,3.7649552822113037,155
1000,1.867e-06,3,0.01,512,150,3.752966523170471,4
1000,3.667e-05,3,0.001,512,150,3.7709192037582397,59
1000,5.566e-02,3,0.0001,512,150,3.9668949246406555,179
3000,5.239e-02,1,0.1,64,50,5.921170294284821,174
3000,4.904e-07,1,0.01,64,50,5.861578941345215,6
3000,1.386e-05,1,0.001,64,50,4.811386942863464,76
3000,4.571e-03,1,0.0001,64,50,4.682480871677399,124
3000,5.079e-02,2,0.1,64,50,4.635607540607452,169
3000,5.645e-05,2,0.01,64,50,5.3851048946380615,93
3000,1.884e-06,2,0.001,64,50,5.241986572742462,41
3000,7.062e-04,2,0.0001,64,50,5.210818886756897,118
3000,3.371e-02,3,0.1,64,50,5.853600919246674,152
3000,3.405e-06,3,0.01,64,50,5.683804273605347,55
3000,1.564e-06,3,0.001,64,50,4.963480353355408,36
3000,4.421e-04,3,0.0001,64,50,5.711729526519775,115
3000,6.744e-02,1,0.1,64,100,8.301555693149567,189
3000,5.691e-05,1,0.01,64,100,8.416498899459839,94
3000,3.136e-06,1,0.001,64,100,7.804883718490601,54
3000,1.882e-04,1,0.0001,64,100,8.557122528553009,109
3000,1.777e-02,2,0.1,64,100,8.96378481388092,137
3000,1.877e-03,2,0.01,64,100,9.242292046546936,120
3000,4.599e-07,2,0.001,64,100,8.462375521659851,5
3000,6.690e-05,2,0.0001,64,100,9.43253231048584,98
3000,5.100e-02,3,0.1,64,100,9.91972953081131,171
3000,1.404e-04,3,0.01,64,100,9.84692496061325,103
3000,1.330e-06,3,0.001,64,100,8.823910057544708,27
3000,7.056e-05,3,0.0001,64,100,11.152683317661285,100
3000,6.841e-02,1,0.1,64,150,11.116280555725098,191
3000,9.144e-05,1,0.01,64,150,11.999419510364532,101
3000,1.356e-06,1,0.001,64,150,11.689498841762543,28
3000,6.023e-05,1,0.0001,64,150,12.162234485149384,95
3000,3.433e-02,2,0.1,64,150,12.85563039779663,153
3000,1.553e-04,2,0.01,64,150,12.597570538520813,104
3000,7.620e-07,2,0.001,64,150,13.302186787128448,15
3000,3.695e-05,2,0.0001,64,150,12.669627726078033,91
3000,5.205e-02,3,0.1,64,150,14.282565772533417,173
3000,2.923e-06,3,0.01,64,150,13.341581583023071,52
3000,2.961e-06,3,0.001,64,150,13.909562885761261,53
3000,1.877e-05,3,0.0001,64,150,13.857701659202576,79
3000,6.560e-02,1,0.1,64,200,16.24556738138199,182
3000,9.508e-08,1,0.01,64,200,15.715235233306885,1
3000,8.842e-07,1,0.001,64,200,15.609767019748688,18
3000,1.862e-05,1,0.0001,64,200,16.213652849197388,78
3000,6.549e-02,2,0.1,64,200,16.003215432167053,181
3000,1.361e-06,2,0.01,64,200,16.60410976409912,29
3000,1.085e-06,2,0.001,64,200,17.445858895778656,23
3000,8.928e-06,2,0.0001,64,200,17.648317754268646,68
3000,6.562e-02,3,0.1,64,200,17.34537810087204,183
3000,1.493e-06,3,0.01,64,200,19.24081015586853,34
3000,2.637e-06,3,0.001,64,200,18.41701239347458,50
3000,1.572e-06,3,0.0001,64,200,17.78345650434494,37
3000,6.822e-02,1,0.1,128,50,4.344135761260986,190
3000,9.831e-07,1,0.01,128,50,4.200769782066345,21
3000,2.052e-05,1,0.001,128,50,4.015264987945557,81
3000,2.012e-02,1,0.0001,128,50,3.5739444494247437,143
3000,4.816e-02,2,0.1,128,50,3.6751745343208313,159
3000,2.165e-06,2,0.01,128,50,3.909797489643097,43
3000,3.083e-05,2,0.001,128,50,3.3954216837882996,87
3000,1.786e-02,2,0.0001,128,50,3.3286011815071106,139
3000,1.781e-02,3,0.1,128,50,3.6502416729927063,138
3000,9.567e-06,3,0.01,128,50,4.177083432674408,71
3000,2.605e-06,3,0.001,128,50,4.818617463111877,49
3000,9.208e-03,3,0.0001,128,50,4.399987041950226,128
3000,6.594e-02,1,0.1,128,100,5.147488236427307,185
3000,2.358e-07,1,0.01,128,100,5.790269911289215,2
3000,8.309e-06,1,0.001,128,100,5.3170347809791565,67
3000,2.482e-03,1,0.0001,128,100,5.592298924922943,123
3000,1.688e-02,2,0.1,128,100,5.561631858348846,135
3000,2.368e-06,2,0.01,128,100,5.977020442485809,46
3000,6.546e-07,2,0.001,128,100,5.771071493625641,11
3000,1.309e-03,2,0.0001,128,100,6.532285928726196,119
3000,5.089e-02,3,0.1,128,100,5.913191020488739,170
3000,1.003e-05,3,0.01,128,100,6.385677635669708,72
3000,7.567e-07,3,0.001,128,100,6.08348685503006,14
3000,1.554e-04,3,0.0001,128,100,6.661441385746002,105
3000,6.704e-02,1,0.1,128,150,7.331399738788605,188
3000,5.388e-07,1,0.01,128,150,7.255602777004242,7
3000,4.754e-06,1,0.001,128,150,7.255104184150696,61
3000,4.361e-04,1,0.0001,128,150,7.627358675003052,114
3000,5.059e-02,2,0.1,128,150,9.081470906734467,168
3000,9.242e-07,2,0.01,128,150,8.520470678806305,19
3000,6.157e-07,2,0.001,128,150,8.753347754478455,8
3000,3.414e-04,2,0.0001,128,150,8.603000581264496,112
3000,6.852e-02,3,0.1,128,150,9.161257028579712,192
3000,2.404e-06,3,0.01,128,150,9.499852001667023,47
3000,2.731e-06,3,0.001,128,150,9.543485641479492,51
3000,1.758e-04,3,0.0001,128,150,9.33404552936554,107
3000,4.947e-02,1,0.1,128,200,9.60781329870224,164
3000,7.110e-06,1,0.01,128,200,9.707048654556274,66
3000,3.915e-06,1,0.001,128,200,9.607315003871918,58
3000,1.644e-04,1,0.0001,128,200,9.477910459041595,106
3000,4.884e-02,2,0.1,128,200,9.995028138160706,163
3000,1.274e-05,2,0.01,128,200,10.383489787578583,74
3000,4.292e-07,2,0.001,128,200,10.379250884056091,4
3000,5.032e-05,2,0.0001,128,200,9.81451153755188,92
3000,1.850e-02,3,0.1,128,200,10.64179915189743,141
3000,1.792e-06,3,0.01,128,200,11.469087898731232,39
3000,7.486e-07,3,0.001,128,200,11.458117246627808,13
3000,3.097e-05,3,0.0001,128,200,10.814587712287903,88
3000,6.579e-02,1,0.1,256,50,3.7661808729171753,184
3000,6.177e-07,1,0.01,256,50,3.168778717517853,9
3000,1.120e-04,1,0.001,256,50,2.602791488170624,102
3000,3.570e-02,1,0.0001,256,50,2.73119854927063,155
3000,1.614e-02,2,0.1,256,50,3.0535861253738403,132
3000,2.594e-06,2,0.01,256,50,2.7835578322410583,48
3000,6.903e-05,2,0.001,256,50,2.7927829027175903,99
3000,2.820e-02,2,0.0001,256,50,2.9349035024642944,145
3000,4.957e-02,3,0.1,256,50,2.9536054730415344,165
3000,2.230e-06,3,0.01,256,50,3.154068112373352,44
3000,1.761e-04,3,0.001,256,50,2.9107174277305603,108
3000,3.128e-02,3,0.0001,256,50,3.089241147041321,147
3000,5.145e-02,1,0.1,256,100,3.6666972637176514,172
3000,8.345e-07,1,0.01,256,100,3.722298741340637,17
3000,2.241e-05,1,0.001,256,100,4.867486834526062,83
3000,1.865e-02,1,0.0001,256,100,4.27881133556366,142
3000,3.464e-05,2,0.1,256,100,3.8699034452438354,90
3000,6.782e-07,2,0.01,256,100,4.273320198059082,12
3000,6.976e-06,2,0.001,256,100,4.200519919395447,65
3000,1.338e-02,2,0.0001,256,100,4.235177516937256,131
3000,4.800e-02,3,0.1,256,100,4.478526055812836,158
3000,2.352e-05,3,0.01,256,100,4.523905515670776,85
3000,4.714e-06,3,0.001,256,100,4.5745198130607605,60
3000,1.198e-02,3,0.0001,256,100,4.302247643470764,129
3000,6.651e-02,1,0.1,256,150,4.9365527629852295,186
3000,6.308e-07,1,0.01,256,150,5.573599576950073,10
3000,1.302e-05,1,0.001,256,150,5.613742291927338,75
3000,7.322e-03,1,0.0001,256,150,5.807471871376038,127
3000,4.868e-02,2,0.1,256,150,5.748132646083832,160
3000,4.427e-06,2,0.01,256,150,5.5349525809288025,59
3000,3.483e-06,2,0.001,256,150,5.333490788936615,56
3000,2.438e-03,2,0.0001,256,150,5.866067290306091,122
3000,1.817e-02,3,0.1,256,150,5.951090574264526,140
3000,2.242e-05,3,0.01,256,150,6.156541228294373,84
3000,9.364e-07,3,0.001,256,150,6.539267480373383,20
3000,5.951e-04,3,0.0001,256,150,6.175739228725433,116
3000,3.194e-02,1,0.1,256,200,6.341046631336212,148
3000,3.962e-07,1,0.01,256,200,6.377450168132782,3
3000,9.265e-06,1,0.001,256,200,6.472695827484131,70
3000,2.416e-03,1,0.0001,256,200,6.254528880119324,121
3000,3.204e-02,2,0.1,256,200,6.4921435713768005,150
3000,1.533e-06,2,0.01,256,200,7.255103766918182,35
3000,1.816e-06,2,0.001,256,200,6.872625946998596,40
3000,4.193e-04,2,0.0001,256,200,6.753444731235504,113
3000,6.666e-02,3,0.1,256,200,7.362316966056824,187
3000,9.108e-06,3,0.01,256,200,7.842782735824585,69
3000,1.982e-06,3,0.001,256,200,7.446591794490814,42
3000,2.163e-04,3,0.0001,256,200,7.095529854297638,111
3000,6.538e-02,1,0.1,512,50,3.338075637817383,177
3000,1.658e-06,1,0.01,512,50,2.8234516978263855,38
3000,6.793e-04,1,0.001,512,50,2.515275537967682,117
3000,4.695e-02,1,0.0001,512,50,2.5160232186317444,157
3000,3.264e-02,2,0.1,512,50,2.2492374181747437,151
3000,4.922e-06,2,0.01,512,50,2.400582253932953,62
3000,1.915e-04,2,0.001,512,50,2.3120688796043396,110
3000,5.453e-02,2,0.0001,512,50,2.6357038617134094,175
3000,1.749e-02,3,0.1,512,50,2.772338032722473,136
3000,2.258e-06,3,0.01,512,50,2.834173321723938,45
3000,3.441e-05,3,0.001,512,50,2.742667317390442,89
3000,5.580e-02,3,0.0001,512,50,3.0249131321907043,176
3000,6.546e-02,1,0.1,512,100,2.828687846660614,180
3000,1.449e-06,1,0.01,512,100,2.935900926589966,33
3000,6.353e-05,1,0.001,512,100,2.9082260131835938,96
3000,3.599e-02,1,0.0001,512,100,3.0386263132095337,156
3000,4.990e-02,2,0.1,512,100,3.5365448594093323,166
3000,1.418e-06,2,0.01,512,100,3.2665172815322876,31
3000,3.066e-05,2,0.001,512,100,3.2029375433921814,86
3000,2.977e-02,2,0.0001,512,100,3.5619771480560303,146
3000,4.871e-02,3,0.1,512,100,3.406393051147461,161
3000,1.418e-06,3,0.01,512,100,3.5248268842697144,30
3000,5.758e-06,3,0.001,512,100,3.520838677883148,64
3000,3.435e-02,3,0.0001,512,100,3.623812258243561,154
3000,6.538e-02,1,0.1,512,150,3.907802104949951,178
3000,7.982e-07,1,0.01,512,150,4.010279715061188,16
3000,2.178e-05,1,0.001,512,150,4.195034563541412,82
3000,2.791e-02,1,0.0001,512,150,3.6519861817359924,144
3000,3.196e-02,2,0.1,512,150,4.241161227226257,149
3000,1.433e-06,2,0.01,512,150,3.9975624084472656,32
3000,1.189e-05,2,0.001,512,150,4.597957253456116,73
3000,1.670e-02,2,0.0001,512,150,4.657049059867859,133
3000,5.012e-02,3,0.1,512,150,4.385774910449982,167
3000,1.142e-06,3,0.01,512,150,4.532382667064667,25
3000,3.765e-06,3,0.001,512,150,4.1982757449150085,57
3000,1.314e-02,3,0.0001,512,150,4.629871666431427,130
3000,6.539e-02,1,0.1,512,200,5.039028763771057,179
3000,9.900e-07,1,0.01,512,200,5.41153222322464,22
3000,1.530e-05,1,0.001,512,200,4.821609616279602,77
3000,1.672e-02,1,0.0001,512,200,4.793684482574463,134
3000,4.872e-02,2,0.1,512,200,4.938047885894775,162
3000,1.172e-06,2,0.01,512,200,5.205832898616791,26
3000,1.965e-05,2,0.001,512,200,5.3584243059158325,80
3000,6.545e-03,2,0.0001,512,200,5.4342217445373535,126
3000,6.573e-05,3,0.1,512,200,5.344960689544678,97
3000,5.171e-06,3,0.01,512,200,5.640918970108032,63
3000,1.090e-06,3,0.001,512,200,5.842879116535187,24
3000,5.416e-03,3,0.0001,512,200,5.545922756195068,125
6000,6.678e-02,1,0.1,64,50,5.384604036808014,181
6000,2.183e-07,1,0.01,64,50,4.839560627937317,10
6000,2.582e-06,1,0.001,64,50,5.1537216901779175,65
6000,1.121e-03,1,0.0001,64,50,4.957496106624603,124
6000,5.178e-02,2,0.1,64,50,5.250213086605072,156
6000,2.302e-07,2,0.01,64,50,5.81071537733078,13
6000,2.882e-06,2,0.001,64,50,4.946276307106018,69
6000,1.716e-04,2,0.0001,64,50,5.676324903964996,112
6000,6.555e-02,3,0.1,64,50,6.0692737102508545,171
6000,2.389e-04,3,0.01,64,50,6.382935404777527,117
6000,1.810e-07,3,0.001,64,50,5.984750032424927,8
6000,3.128e-05,3,0.0001,64,50,6.5130879282951355,96
6000,6.806e-02,1,0.1,64,100,8.495038390159607,191
6000,2.153e-04,1,0.01,64,100,9.129841804504395,115
6000,1.525e-06,1,0.001,64,100,8.988718688488007,54
6000,5.775e-05,1,0.0001,64,100,9.22334200143814,105
6000,5.037e-02,2,0.1,64,100,10.193248450756073,155
6000,1.531e-06,2,0.01,64,100,9.670146703720093,55
6000,1.287e-07,2,0.001,64,100,9.345264971256256,5
6000,4.083e-05,2,0.0001,64,100,9.755668580532074,98
6000,6.728e-02,3,0.1,64,100,9.902525305747986,187
6000,1.044e-06,3,0.01,64,100,10.991863429546356,47
6000,1.382e-06,3,0.001,64,100,10.54605519771576,51
6000,4.219e-06,3,0.0001,64,100,10.142135083675385,75
6000,6.916e-02,1,0.1,64,150,13.086014688014984,192
6000,9.721e-06,1,0.01,64,150,13.80010575056076,88
6000,8.051e-07,1,0.001,64,150,13.354297995567322,44
6000,1.158e-05,1,0.0001,64,150,13.741512537002563,89
6000,6.669e-02,2,0.1,64,150,14.497740626335144,180
6000,5.950e-05,2,0.01,64,150,14.986683428287506,106
6000,2.078e-07,2,0.001,64,150,13.598145723342896,9
6000,2.062e-06,2,0.0001,64,150,15.341734230518341,61
6000,6.705e-02,3,0.1,64,150,14.90265816450119,184
6000,4.981e-06,3,0.01,64,150,14.296030044555664,78
6000,2.495e-06,3,0.001,64,150,14.418452680110931,63
6000,1.149e-06,3,0.0001,64,150,14.315478026866913,48
6000,6.797e-02,1,0.1,64,200,17.134940147399902,190
6000,5.722e-07,1,0.01,64,200,16.357767820358276,34
6000,2.572e-07,1,0.001,64,200,16.53604131937027,19
6000,8.779e-06,1,0.0001,64,200,17.25212699174881,84
6000,6.718e-02,2,0.1,64,200,17.350862860679626,186
6000,5.034e-07,2,0.01,64,200,17.959237277507782,29
6000,2.669e-06,2,0.001,64,200,18.00511336326599,66
6000,2.995e-06,2,0.0001,64,200,16.988831043243408,70
6000,6.608e-02,3,0.1,64,200,18.990728199481964,175
6000,2.428e-07,3,0.01,64,200,19.95091140270233,16
6000,5.417e-07,3,0.001,64,200,18.18114286661148,31
6000,4.077e-07,3,0.0001,64,200,18.276138842105865,25
6000,6.617e-02,1,0.1,128,50,5.72095400094986,176
6000,3.652e-07,1,0.01,128,50,4.209496319293976,24
6000,6.245e-06,1,0.001,128,50,3.843973398208618,81
6000,1.037e-02,1,0.0001,128,50,3.9232616424560547,134
6000,4.866e-02,2,0.1,128,50,4.089068114757538,147
6000,6.568e-07,2,0.01,128,50,3.985345184803009,38
6000,1.817e-06,2,0.001,128,50,3.9362264275550842,58
6000,3.769e-03,2,0.0001,128,50,3.707587420940399,129
6000,6.648e-02,3,0.1,128,50,3.864418625831604,178
6000,2.421e-06,3,0.01,128,50,4.376799285411835,62
6000,5.322e-07,3,0.001,128,50,4.091561555862427,30
6000,1.877e-03,3,0.0001,128,50,4.191295027732849,126
6000,6.700e-02,1,0.1,128,100,5.953084230422974,183
6000,2.827e-07,1,0.01,128,100,5.745140850543976,21
6000,2.765e-06,1,0.001,128,100,5.664356529712677,67
6000,9.343e-04,1,0.0001,128,100,6.0533167719841,123
6000,6.548e-02,2,0.1,128,100,5.531960368156433,168
6000,7.947e-05,2,0.01,128,100,7.010757029056549,108
6000,4.405e-07,2,0.001,128,100,6.102933585643768,28
6000,3.037e-04,2,0.0001,128,100,6.226853847503662,118
6000,6.551e-02,3,0.1,128,100,6.633515357971191,169
6000,1.220e-06,3,0.01,128,100,6.4450196623802185,49
6000,2.465e-07,3,0.001,128,100,6.916011393070221,17
6000,4.112e-05,3,0.0001,128,100,6.806054592132568,99
6000,6.767e-02,1,0.1,128,150,7.800395846366882,189
6000,5.964e-06,1,0.01,128,150,8.821415960788727,80
6000,1.384e-06,1,0.001,128,150,8.294824182987213,52
6000,1.465e-04,1,0.0001,128,150,8.025295197963715,110
6000,6.683e-02,2,0.1,128,150,8.542910516262054,182
6000,1.625e-05,2,0.01,128,150,7.964955985546112,90
6000,1.593e-07,2,0.001,128,150,9.042076468467712,7
6000,2.794e-05,2,0.0001,128,150,8.365883350372314,94
6000,5.031e-02,3,0.1,128,150,8.362892270088196,154
6000,3.000e-06,3,0.01,128,150,9.627261996269226,71
6000,6.557e-07,3,0.001,128,150,8.317014634609222,37
6000,1.957e-05,3,0.0001,128,150,11.444153726100922,92
6000,6.728e-02,1,0.1,128,200,10.220176637172699,188
6000,7.373e-08,1,0.01,128,200,9.939177632331848,1
6000,1.875e-06,1,0.001,128,200,10.911827087402344,59
6000,4.461e-05,1,0.0001,128,200,9.962864577770233,100
6000,4.925e-02,2,0.1,128,200,11.141214728355408,150
6000,4.019e-05,2,0.01,128,200,10.328386843204498,97
6000,1.417e-07,2,0.001,128,200,11.694235801696777,6
6000,5.620e-05,2,0.0001,128,200,10.754747211933136,103
6000,4.988e-02,3,0.1,128,200,11.049958646297455,152
6000,3.012e-07,3,0.01,128,200,12.668630957603455,22
6000,2.193e-07,3,0.001,128,200,11.37708306312561,11
6000,5.818e-06,3,0.0001,128,200,11.863283634185791,79
6000,6.555e-02,1,0.1,256,50,4.942286789417267,172
6000,5.655e-07,1,0.01,256,50,2.8027573227882385,33
6000,2.204e-05,1,0.001,256,50,3.1027047634124756,93
6000,3.095e-02,1,0.0001,256,50,2.585338294506073,141
6000,6.543e-02,2,0.1,256,50,3.066054344177246,164
6000,4.333e-07,2,0.01,256,50,3.0685458183288574,27
6000,5.649e-05,2,0.001,256,50,3.041618525981903,104
6000,2.933e-02,2,0.0001,256,50,3.6614617109298706,140
6000,4.811e-02,3,0.1,256,50,3.2428300380706787,146
6000,1.722e-06,3,0.01,256,50,3.3056622743606567,57
6000,1.292e-06,3,0.001,256,50,3.207176089286804,50
6000,1.362e-02,3,0.0001,256,50,3.3645050525665283,136
6000,6.563e-02,1,0.1,256,100,4.0329689383506775,173
6000,8.647e-08,1,0.01,256,100,5.023818850517273,2
6000,4.436e-06,1,0.001,256,100,4.7273611426353455,76
6000,7.947e-03,1,0.0001,256,100,4.2391669154167175,133
6000,6.575e-02,2,0.1,256,100,5.137266039848328,174
6000,4.236e-07,2,0.01,256,100,4.711902737617493,26
6000,9.990e-07,2,0.001,256,100,5.220543324947357,46
6000,4.000e-03,2,0.0001,256,100,4.919597029685974,130
6000,4.900e-02,3,0.1,256,100,5.250712335109711,149
6000,4.901e-05,3,0.01,256,100,5.228272080421448,101
6000,5.759e-07,3,0.001,256,100,4.372310519218445,35
6000,6.020e-04,3,0.0001,256,100,5.006864249706268,122
6000,6.708e-02,1,0.1,256,150,5.488078236579895,185
6000,1.248e-07,1,0.01,256,150,6.906286299228668,4
6000,3.006e-06,1,0.001,256,150,6.312125027179718,72
6000,2.553e-03,1,0.0001,256,150,5.746636629104614,127
6000,6.630e-02,2,0.1,256,150,6.460727095603943,177
6000,9.697e-05,2,0.01,256,150,6.352766036987305,109
6000,3.603e-06,2,0.001,256,150,6.790595650672913,74
6000,4.600e-04,2,0.0001,256,150,6.294671595096588,119
6000,3.329e-02,3,0.1,256,150,6.857416987419128,142
6000,2.812e-05,3,0.01,256,150,6.484663367271423,95
6000,1.921e-06,3,0.001,256,150,6.764166057109833,60
6000,1.985e-04,3,0.0001,256,150,6.749704837799072,114
6000,6.542e-02,1,0.1,256,200,7.078575432300568,163
6000,3.581e-06,1,0.01,256,200,7.625614643096924,73
6000,1.611e-06,1,0.001,256,200,7.983656346797943,56
6000,5.870e-04,1,0.0001,256,200,7.702408194541931,121
6000,4.949e-02,2,0.1,256,200,8.205562770366669,151
6000,5.905e-07,2,0.01,256,200,8.334218561649323,36
6000,2.502e-07,2,0.001,256,200,8.17040628194809,18
6000,1.873e-04,2,0.0001,256,200,8.38109415769577,113
6000,6.669e-02,3,0.1,256,200,8.458137333393097,179
6000,2.197e-04,3,0.01,256,200,9.292407214641571,116
6000,2.239e-07,3,0.001,256,200,7.939524233341217,12
6000,4.964e-05,3,0.0001,256,200,7.931296527385712,102
6000,6.541e-02,1,0.1,512,50,4.041444897651672,161
6000,5.462e-07,1,0.01,512,50,2.5342267751693726,32
6000,1.684e-04,1,0.001,512,50,2.3554527163505554,111
6000,3.955e-02,1,0.0001,512,50,2.537715792655945,144
6000,5.009e-02,2,0.1,512,50,2.720477879047394,153
6000,6.753e-07,2,0.01,512,50,2.5681344866752625,39
6000,7.521e-05,2,0.001,512,50,2.395595371723175,107
6000,3.969e-02,2,0.0001,512,50,2.4514464139938354,145
6000,6.534e-02,3,0.1,512,50,2.53696745634079,157
6000,8.359e-07,3,0.01,512,50,2.8558654189109802,45
6000,9.294e-06,3,0.001,512,50,2.9688133597373962,86
6000,3.784e-02,3,0.0001,512,50,2.9383944869041443,143
6000,6.551e-02,1,0.1,512,100,3.3642555475234985,170
6000,2.799e-07,1,0.01,512,100,3.293695092201233,20
6000,1.820e-05,1,0.001,512,100,3.499644458293915,91
6000,2.324e-02,1,0.0001,512,100,3.4380586743354797,139
6000,6.541e-02,2,0.1,512,100,3.44877952337265,162
6000,8.970e-06,2,0.01,512,100,3.870650291442871,85
6000,9.458e-06,2,0.001,512,100,4.878457427024841,87
6000,1.781e-02,2,0.0001,512,100,4.028480291366577,137
6000,4.885e-02,3,0.1,512,100,3.9085506796836853,148
6000,1.457e-06,3,0.01,512,100,4.595214664936066,53
6000,7.873e-06,3,0.001,512,100,3.9262535572052,82
6000,1.789e-02,3,0.0001,512,100,4.544600427150726,138
6000,6.545e-02,1,0.1,512,150,4.249888360500336,165
6000,2.364e-07,1,0.01,512,150,5.43172812461853,14
6000,8.121e-06,1,0.001,512,150,4.78022027015686,83
6000,1.203e-02,1,0.0001,512,150,5.096126079559326,135
6000,6.547e-02,2,0.1,512,150,5.167933285236359,167
6000,2.372e-07,2,0.01,512,150,5.093383073806763,15
6000,2.785e-06,2,0.001,512,150,5.0514965653419495,68
6000,5.711e-03,2,0.0001,512,150,4.840808212757111,132
6000,6.534e-02,3,0.1,512,150,5.099117934703827,158
6000,7.274e-07,3,0.01,512,150,5.443447053432465,43
6000,2.552e-06,3,0.001,512,150,5.015341758728027,64
6000,3.060e-03,3,0.0001,512,150,6.149310529232025,128
6000,6.539e-02,1,0.1,512,200,5.660367131233215,159
6000,9.342e-08,1,0.01,512,200,5.488327264785767,3
6000,4.756e-06,1,0.001,512,200,6.271483361721039,77
6000,4.035e-03,1,0.0001,512,200,5.639672756195068,131
6000,6.547e-02,2,0.1,512,200,5.986744225025177,166
6000,3.434e-07,2,0.01,512,200,6.190449774265289,23
6000,6.848e-07,2,0.001,512,200,6.238820910453796,40
6000,1.329e-03,2,0.0001,512,200,6.301403224468231,125
6000,6.539e-02,3,0.1,512,200,6.356505274772644,160
6000,7.078e-07,3,0.01,512,200,6.8147807121276855,41
6000,7.219e-07,3,0.001,512,200,6.426818132400513,42
6000,4.812e-04,3,0.0001,512,200,6.2889364361763,120
10000,6.594e-02,1,0.1,64,50,5.055983185768127,173
10000,4.328e-08,1,0.01,64,50,5.665354013442993,3
10000,1.045e-06,1,0.001,64,50,5.500295102596283,55
10000,4.279e-04,1,0.0001,64,50,5.134024262428284,126
10000,6.589e-02,2,0.1,64,50,5.387097418308258,169
10000,1.021e-05,2,0.01,64,50,5.783039689064026,88
10000,6.545e-07,2,0.001,64,50,5.12629508972168,49
10000,1.176e-04,2,0.0001,64,50,5.501292705535889,117
10000,6.543e-02,3,0.1,64,50,6.683881103992462,151
10000,7.579e-05,3,0.01,64,50,6.2772181034088135,112
10000,1.021e-07,3,0.001,64,50,6.197431206703186,10
10000,3.124e-05,3,0.0001,64,50,6.108169734477997,103
10000,6.750e-02,1,0.1,64,100,8.533435940742493,191
10000,6.237e-07,1,0.01,64,100,9.176716566085815,46
10000,5.834e-07,1,0.001,64,100,10.144130110740662,45
10000,2.370e-05,1,0.0001,64,100,9.286672413349152,97
10000,6.589e-02,2,0.1,64,100,10.669974386692047,170
10000,7.433e-04,2,0.01,64,100,10.137149035930634,129
10000,1.564e-07,2,0.001,64,100,9.497857809066772,20
10000,2.755e-05,2,0.0001,64,100,10.162580490112305,100
10000,6.702e-02,3,0.1,64,100,9.869613885879517,188
10000,5.189e-06,3,0.01,64,100,11.597494721412659,80
10000,2.710e-07,3,0.001,64,100,10.574978232383728,30
10000,1.737e-06,3,0.0001,64,100,10.588192820549011,67
10000,6.666e-02,1,0.1,64,175,15.083923161029816,183
10000,3.653e-06,1,0.01,64,175,15.78779137134552,76
10000,2.557e-07,1,0.001,64,175,15.36766493320465,27
10000,3.731e-06,1,0.0001,64,175,15.293612241744995,79
10000,6.583e-02,2,0.1,64,175,16.733762860298157,167
10000,1.686e-04,2,0.01,64,175,17.033960044384003,121
10000,8.017e-07,2,0.001,64,175,16.297179758548737,52
10000,2.140e-06,2,0.0001,64,175,16.951929986476898,70
10000,6.797e-02,3,0.1,64,175,17.332163095474243,192
10000,1.268e-06,3,0.01,64,175,17.80290424823761,61
10000,3.372e-07,3,0.001,64,175,18.89623123407364,35
10000,2.881e-07,3,0.0001,64,175,18.007357954978943,32
10000,6.737e-02,1,0.1,64,300,26.82204157114029,190
10000,9.779e-07,1,0.01,64,300,26.564479768276215,54
10000,5.263e-08,1,0.001,64,300,25.739186763763428,5
10000,1.399e-06,1,0.0001,64,300,26.702860832214355,62
10000,6.654e-02,2,0.1,64,300,27.09730577468872,182
10000,2.636e-05,2,0.01,64,300,29.062551856040955,98
10000,8.378e-06,2,0.001,64,300,27.475294709205627,83
10000,3.259e-08,2,0.0001,64,300,27.866000831127167,1
10000,6.720e-02,3,0.1,64,300,29.291938722133636,189
10000,2.311e-05,3,0.01,64,300,29.640506088733673,96
10000,1.097e-07,3,0.001,64,300,29.593382477760315,11
10000,6.055e-08,3,0.0001,64,300,28.088904321193695,6
10000,6.559e-02,1,0.1,128,50,6.433799147605896,159
10000,1.316e-07,1,0.01,128,50,5.125048458576202,18
10000,3.197e-06,1,0.001,128,50,5.068200349807739,75
10000,4.220e-03,1,0.0001,128,50,5.359421491622925,135
10000,6.595e-02,2,0.1,128,50,4.279808402061462,174
10000,1.490e-06,2,0.01,128,50,4.1688544154167175,65
10000,1.168e-06,2,0.001,128,50,4.598705351352692,60
10000,1.151e-03,2,0.0001,128,50,4.67250794172287,132
10000,6.546e-02,3,0.1,128,50,4.385524928569794,152
10000,1.486e-04,3,0.01,128,50,4.73982846736908,120
10000,2.802e-07,3,0.001,128,50,4.152149021625519,31
10000,2.794e-04,3,0.0001,128,50,4.1955336928367615,122
10000,6.614e-02,1,0.1,128,100,5.925907015800476,177
10000,6.141e-08,1,0.01,128,100,7.621624112129211,7
10000,1.419e-06,1,0.001,128,100,6.801566243171692,63
10000,2.826e-04,1,0.0001,128,100,6.526052176952362,123
10000,6.643e-02,2,0.1,128,100,6.640995562076569,180
10000,3.708e-06,2,0.01,128,100,6.206656455993652,78
10000,2.965e-07,2,0.001,128,100,6.698342442512512,33
10000,5.421e-05,2,0.0001,128,100,6.349275290966034,110
10000,6.577e-02,3,0.1,128,100,6.745216608047485,166
10000,6.375e-06,3,0.01,128,100,6.457984387874603,81
10000,1.345e-07,3,0.001,128,100,6.066282212734222,19
10000,1.648e-05,3,0.0001,128,100,7.050400674343109,93
10000,6.682e-02,1,0.1,128,175,9.960869431495667,186
10000,1.335e-05,1,0.01,128,175,10.906093120574951,92
10000,5.447e-07,1,0.001,128,175,11.739115595817566,41
10000,2.847e-05,1,0.0001,128,175,10.772948741912842,101
10000,6.688e-02,2,0.1,128,175,12.06000828742981,187
10000,9.419e-07,2,0.01,128,175,11.798955857753754,53
10000,1.208e-07,2,0.001,128,175,11.268872916698456,15
10000,2.860e-05,2,0.0001,128,175,12.23304533958435,102
10000,6.537e-02,3,0.1,128,175,10.522618114948273,148
10000,4.094e-07,3,0.01,128,175,11.3907972574234,37
10000,6.442e-08,3,0.001,128,175,11.040483474731445,8
10000,2.711e-06,3,0.0001,128,175,11.109050750732422,72
10000,6.612e-02,1,0.1,128,300,16.17749947309494,176
10000,1.953e-06,1,0.01,128,300,16.37247896194458,69
10000,3.840e-07,1,0.001,128,300,15.28713047504425,36
10000,3.682e-06,1,0.0001,128,300,14.4735546708107,77
10000,6.608e-02,2,0.1,128,300,15.311066150665283,175
10000,3.451e-05,2,0.01,128,300,15.111599802970886,104
10000,2.297e-07,2,0.001,128,300,15.535965085029602,26
10000,6.841e-07,2,0.0001,128,300,15.106113910675049,51
10000,6.627e-02,3,0.1,128,300,17.218466639518738,179
10000,3.313e-04,3,0.01,128,300,16.526317059993744,125
10000,1.256e-07,3,0.001,128,300,16.649737417697906,17
10000,4.473e-07,3,0.0001,128,300,16.15131986141205,39
10000,6.566e-02,1,0.1,256,50,6.802314341068268,162
10000,3.082e-07,1,0.01,256,50,3.0276557207107544,34
10000,1.329e-05,1,0.001,256,50,3.3739808201789856,91
10000,2.016e-02,1,0.0001,256,50,2.7618664503097534,141
10000,6.553e-02,2,0.1,256,50,3.4183623790740967,156
10000,6.242e-07,2,0.01,256,50,3.29294615983963,47
10000,1.098e-05,2,0.001,256,50,3.1029545068740845,90
10000,1.373e-02,2,0.0001,256,50,3.2530534267425537,139
10000,6.670e-02,3,0.1,256,50,3.5712026357650757,185
10000,5.388e-05,3,0.01,256,50,3.8801262974739075,109
10000,1.160e-06,3,0.001,256,50,3.9461998343467712,59
10000,7.660e-03,3,0.0001,256,50,3.6233128905296326,137
10000,6.562e-02,1,0.1,256,100,4.178828597068787,160
10000,1.617e-07,1,0.01,256,100,4.263851046562195,22
10000,2.768e-06,1,0.001,256,100,4.68123471736908,73
10000,4.253e-03,1,0.0001,256,100,4.409711241722107,136
10000,6.559e-02,2,0.1,256,100,5.012598991394043,158
10000,3.010e-06,2,0.01,256,100,4.793684542179108,74
10000,5.622e-07,2,0.001,256,100,4.824602663516998,42
10000,1.090e-03,2,0.0001,256,100,5.238495111465454,130
10000,4.940e-02,3,0.1,256,100,5.233757257461548,145
10000,1.019e-05,3,0.01,256,100,5.220543205738068,87
10000,1.662e-07,3,0.001,256,100,5.490072786808014,23
10000,3.258e-04,3,0.0001,256,100,4.851778745651245,124
10000,6.584e-02,1,0.1,256,175,5.754116952419281,168
10000,9.490e-08,1,0.01,256,175,6.312124192714691,9
10000,1.046e-06,1,0.001,256,175,6.228348791599274,56
10000,4.310e-04,1,0.0001,256,175,7.475265264511108,127
10000,6.570e-02,2,0.1,256,175,6.262507498264313,165
10000,7.899e-05,2,0.01,256,175,7.221942722797394,114
10000,1.192e-07,2,0.001,256,175,6.620051443576813,14
10000,1.103e-04,2,0.0001,256,175,6.662189483642578,116
10000,6.643e-02,3,0.1,256,175,7.561282932758331,181
10000,8.521e-06,3,0.01,256,175,7.448835730552673,84
10000,1.186e-07,3,0.001,256,175,7.553057074546814,13
10000,2.738e-05,3,0.0001,256,175,7.9669508934021,99
10000,6.670e-02,1,0.1,256,300,11.232221186161041,184
10000,8.109e-05,1,0.01,256,300,12.749165177345276,115
10000,6.450e-07,1,0.001,256,300,12.484121441841125,48
10000,5.023e-05,1,0.0001,256,300,12.87856912612915,107
10000,6.566e-02,2,0.1,256,300,13.125410377979279,163
10000,1.233e-04,2,0.01,256,300,13.056842625141144,118
10000,1.231e-07,2,0.001,256,300,13.532571613788605,16
10000,9.387e-06,2,0.0001,256,300,12.465174734592438,86
10000,6.593e-02,3,0.1,256,300,14.674767553806305,171
10000,1.456e-06,3,0.01,256,300,14.958259582519531,64
10000,2.632e-07,3,0.001,256,300,14.32171106338501,28
10000,1.793e-06,3,0.0001,256,300,12.888294160366058,68
10000,6.540e-02,1,0.1,512,50,5.4556649923324585,149
10000,2.071e-07,1,0.01,512,50,3.488673210144043,25
10000,7.618e-05,1,0.001,512,50,2.86060231924057,113
10000,3.510e-02,1,0.0001,512,50,2.663628935813904,143
10000,6.543e-02,2,0.1,512,50,2.9610841870307922,150
10000,1.064e-06,2,0.01,512,50,2.919195830821991,57
10000,2.091e-05,2,0.001,512,50,2.8082420229911804,95
10000,3.761e-02,2,0.0001,512,50,2.819711983203888,144
10000,6.616e-02,3,0.1,512,50,2.998733162879944,178
10000,5.040e-07,3,0.01,512,50,3.051093637943268,40
10000,1.027e-05,3,0.001,512,50,3.2627785205841064,89
10000,3.428e-02,3,0.0001,512,50,3.0189290046691895,142
10000,6.547e-02,1,0.1,512,100,3.72279816865921,153
10000,1.170e-07,1,0.01,512,100,4.549837112426758,12
10000,8.004e-06,1,0.001,512,100,4.452097535133362,82
10000,1.695e-02,1,0.0001,512,100,4.209246754646301,140
10000,6.556e-02,2,0.1,512,100,4.115497052669525,157
10000,5.660e-07,2,0.01,512,100,4.195283889770508,44
10000,8.573e-06,2,0.001,512,100,4.414199352264404,85
10000,1.265e-02,2,0.0001,512,100,4.330672204494476,138
10000,6.551e-02,3,0.1,512,100,4.2960153222084045,155
10000,1.632e-06,3,0.01,512,100,5.00736278295517,66
10000,5.635e-07,3,0.001,512,100,4.441874623298645,43
10000,2.063e-03,3,0.0001,512,100,4.94403201341629,133
10000,6.536e-02,1,0.1,512,175,5.223785161972046,147
10000,5.220e-08,1,0.01,512,175,6.094955682754517,4
10000,2.640e-06,1,0.001,512,175,6.442526578903198,71
10000,3.342e-03,1,0.0001,512,175,6.730256676673889,134
10000,6.570e-02,2,0.1,512,175,7.0234732031822205,164
10000,4.569e-05,2,0.01,512,175,6.742971301078796,105
10000,4.286e-07,2,0.001,512,175,6.425818860530853,38
10000,1.096e-03,2,0.0001,512,175,6.639000296592712,131
10000,6.593e-02,3,0.1,512,175,7.082813918590546,172
10000,1.750e-05,3,0.01,512,175,7.467535555362701,94
10000,2.688e-07,3,0.001,512,175,7.634589791297913,29
10000,1.318e-04,3,0.0001,512,175,7.457313001155853,119
10000,6.535e-02,1,0.1,512,300,8.989716529846191,146
10000,3.366e-08,1,0.01,512,300,10.228903234004974,2
10000,1.154e-06,1,0.001,512,300,9.726745903491974,58
10000,4.658e-04,1,0.0001,512,300,10.94798070192337,128
10000,6.551e-02,2,0.1,512,300,10.297469735145569,154
10000,5.334e-05,2,0.01,512,300,10.153354942798615,108
10000,1.963e-07,2,0.001,512,300,9.71851795911789,24
10000,7.320e-05,2,0.0001,512,300,9.455720365047455,111
10000,6.563e-02,3,0.1,512,300,10.550293624401093,161
10000,6.601e-07,3,0.01,512,300,10.710864841938019,50
10000,1.586e-07,3,0.001,512,300,10.932771563529968,21
10000,5.002e-05,3,0.0001,512,300,10.043150126934052,106
30000,6.552e-02,1,0.1,64,100,14.84980034828186,157
30000,9.584e-08,1,0.01,64,100,14.525915265083313,33
30000,2.542e-07,1,0.001,64,100,13.300441682338715,51
30000,3.559e-06,1,0.0001,64,100,15.271920382976532,100
30000,6.654e-02,2,0.1,64,100,13.480958580970764,182
30000,1.501e-07,2,0.01,64,100,15.226791799068451,43
30000,5.798e-08,2,0.001,64,100,13.645020127296448,24
30000,1.525e-06,2,0.0001,64,100,15.283141195774078,85
30000,6.585e-02,3,0.1,64,100,13.961674273014069,173
30000,1.218e-05,3,0.01,64,100,16.037374317646027,111
30000,9.754e-07,3,0.001,64,100,14.182582914829254,76
30000,1.142e-07,3,0.0001,64,100,15.996234655380249,37
30000,6.660e-02,1,0.1,64,175,20.998360991477966,183
30000,2.106e-05,1,0.01,64,175,24.92087483406067,117
30000,1.530e-06,1,0.001,64,175,24.70320612192154,86
30000,6.670e-07,1,0.0001,64,175,24.840091168880463,69
30000,6.589e-02,2,0.1,64,175,24.2309690117836,174
30000,8.477e-08,2,0.01,64,175,24.35737782716751,30
30000,7.533e-07,2,0.001,64,175,24.702458262443542,72
30000,4.903e-08,2,0.0001,64,175,24.400764405727386,17
30000,6.569e-02,3,0.1,64,175,25.06075030565262,167
30000,6.868e-05,3,0.01,64,175,25.783818244934082,127
30000,2.324e-06,3,0.001,64,175,25.98153805732727,95
30000,3.553e-08,3,0.0001,64,175,25.90599036216736,11
30000,6.690e-02,1,0.1,64,300,40.88993138074875,188
30000,9.053e-06,1,0.01,64,300,43.914345383644104,107
30000,4.547e-07,1,0.001,64,300,42.852685272693634,60
30000,3.525e-07,1,0.0001,64,300,42.508603513240814,58
30000,6.887e-02,2,0.1,64,300,41.76808375120163,191
30000,2.438e-04,2,0.01,64,300,44.5523898601532,137
30000,1.994e-06,2,0.001,64,300,42.763172924518585,92
30000,2.679e-08,2,0.0001,64,300,42.05481678247452,9
30000,6.890e-02,3,0.1,64,300,43.64481633901596,192
30000,3.807e-04,3,0.01,64,300,41.68480622768402,140
30000,8.756e-07,3,0.001,64,300,44.3362181186676,74
30000,1.530e-07,3,0.0001,64,300,46.02196091413498,45
30000,6.752e-02,1,0.1,64,500,72.51712650060654,190
30000,2.993e-05,1,0.01,64,500,72.73629033565521,121
30000,7.976e-08,1,0.001,64,500,72.76346772909164,29
30000,5.783e-08,1,0.0001,64,500,71.2315633893013,23
30000,6.626e-02,2,0.1,64,500,69.20024400949478,179
30000,5.654e-07,2,0.01,64,500,71.59833437204361,66
30000,3.949e-08,2,0.001,64,500,71.75940328836441,14
30000,2.244e-08,2,0.0001,64,500,71.69332873821259,6
30000,6.611e-02,3,0.1,64,500,71.56990897655487,176
30000,1.221e-04,3,0.01,64,500,73.64560943841934,131
30000,1.667e-05,3,0.001,64,500,72.28264302015305,114
30000,2.610e-08,3,0.0001,64,500,73.4954001903534,8
30000,6.555e-02,1,0.1,128,100,13.091999053955078,158
30000,2.960e-04,1,0.01,128,100,11.547876954078674,139
30000,2.891e-07,1,0.001,128,100,10.987375438213348,57
30000,4.119e-05,1,0.0001,128,100,10.300461530685425,123
30000,6.579e-02,2,0.1,128,100,11.122763752937317,171
30000,1.587e-04,2,0.01,128,100,10.115706086158752,133
30000,5.772e-08,2,0.001,128,100,11.598241984844208,22
30000,1.218e-05,2,0.0001,128,100,9.779106199741364,112
30000,6.615e-02,3,0.1,128,100,11.757316410541534,177
30000,4.958e-06,3,0.01,128,100,10.903599858283997,103
30000,8.539e-08,3,0.001,128,100,11.625669121742249,31
30000,1.007e-06,3,0.0001,128,100,10.834534287452698,77
30000,6.556e-02,1,0.1,128,175,16.36998564004898,159
30000,1.886e-06,1,0.01,128,175,18.27115309238434,90
30000,2.688e-07,1,0.001,128,175,16.176253080368042,52
30000,4.901e-06,1,0.0001,128,175,17.57451492547989,102
30000,6.564e-02,2,0.1,128,175,15.121073961257935,162
30000,4.556e-06,2,0.01,128,175,17.610169231891632,101
30000,3.840e-08,2,0.001,128,175,16.202433168888092,12
30000,1.274e-06,2,0.0001,128,175,16.73825079202652,82
30000,4.958e-02,3,0.1,128,175,17.35360562801361,145
30000,4.719e-05,3,0.01,128,175,18.18064421415329,124
30000,4.896e-07,3,0.001,128,175,17.9161017537117,64
30000,1.450e-07,3,0.0001,128,175,18.192613065242767,42
30000,6.635e-02,1,0.1,128,300,25.738687336444855,181
30000,9.979e-08,1,0.01,128,300,28.68157058954239,35
30000,1.153e-07,1,0.001,128,300,28.851366460323334,38
30000,8.199e-07,1,0.0001,128,300,27.472053825855255,73
30000,6.626e-02,2,0.1,128,300,27.290537893772125,180
30000,1.268e-06,2,0.01,128,300,27.363843381404877,81
30000,3.078e-06,2,0.001,128,300,28.175922453403473,99
30000,1.568e-07,2,0.0001,128,300,27.160636723041534,46
30000,6.573e-02,3,0.1,128,300,30.844787120819092,169
30000,1.859e-06,3,0.01,128,300,29.79609054327011,89
30000,5.682e-08,3,0.001,128,300,29.733258962631226,21
30000,3.909e-08,3,0.0001,128,300,30.171586751937866,13
30000,6.681e-02,1,0.1,128,500,47.18410474061966,186
30000,9.794e-08,1,0.01,128,500,47.96227341890335,34
30000,1.141e-06,1,0.001,128,500,47.548131227493286,79
30000,2.703e-07,1,0.0001,128,500,48.570397794246674,53
30000,6.584e-02,2,0.1,128,500,44.55538183450699,172
30000,1.738e-07,2,0.01,128,500,45.869369089603424,48
30000,2.795e-07,2,0.001,128,500,45.63723999261856,55
30000,2.162e-08,2,0.0001,128,500,47.95230084657669,5
30000,6.679e-02,3,0.1,128,500,48.813746988773346,185
30000,1.831e-05,3,0.01,128,500,49.35455113649368,115
30000,1.461e-06,3,0.001,128,500,49.79961156845093,84
30000,3.525e-08,3,0.0001,128,500,50.52741700410843,10
30000,6.537e-02,1,0.1,256,100,11.90916121006012,146
30000,5.640e-08,1,0.01,256,100,9.023875772953033,20
30000,6.675e-07,1,0.001,256,100,9.039084494113922,70
30000,4.361e-04,1,0.0001,256,100,7.766986191272736,142
30000,6.547e-02,2,0.1,256,100,7.7098875641822815,154
30000,3.875e-05,2,0.01,256,100,7.557045996189117,122
30000,5.548e-07,2,0.001,256,100,7.198505222797394,65
30000,1.691e-04,2,0.0001,256,100,7.886664927005768,135
30000,6.702e-02,3,0.1,256,100,7.824830412864685,189
30000,7.137e-05,3,0.01,256,100,8.980491042137146,129
30000,1.360e-07,3,0.001,256,100,8.265153467655182,41
30000,2.394e-05,3,0.0001,256,100,8.245456755161285,119
30000,6.542e-02,1,0.1,256,175,10.407675683498383,152
30000,2.631e-06,1,0.01,256,175,11.571812808513641,98
30000,4.633e-07,1,0.001,256,175,13.903080344200134,61
30000,5.599e-05,1,0.0001,256,175,12.640705287456512,126
30000,6.568e-02,2,0.1,256,175,12.58485460281372,166
30000,2.523e-04,2,0.01,256,175,12.193151831626892,138
30000,1.315e-07,2,0.001,256,175,12.569146156311035,40
30000,2.958e-05,2,0.0001,256,175,11.100822567939758,120
30000,6.616e-02,3,0.1,256,175,13.297698497772217,178
30000,1.907e-05,3,0.01,256,175,13.172533869743347,116
30000,6.350e-08,3,0.001,256,175,12.937910377979279,26
30000,1.832e-06,3,0.0001,256,175,13.987603902816772,88
30000,6.542e-02,1,0.1,256,300,20.319426357746124,151
30000,6.754e-07,1,0.01,256,300,22.70205694437027,71
30000,2.857e-07,1,0.001,256,300,22.028606712818146,56
30000,6.579e-06,1,0.0001,256,300,22.52378362417221,106
30000,6.566e-02,2,0.1,256,300,20.51041477918625,163
30000,8.690e-08,2,0.01,256,300,20.04765284061432,32
30000,1.551e-08,2,0.001,256,300,19.46745401620865,2
30000,2.468e-06,2,0.0001,256,300,19.527543663978577,96
30000,6.568e-02,3,0.1,256,300,20.298731327056885,165
30000,1.013e-04,3,0.01,256,300,21.876513302326202,130
30000,9.047e-07,3,0.001,256,300,22.28541988134384,75
30000,4.830e-07,3,0.0001,256,300,22.73870849609375,63
30000,6.690e-02,1,0.1,256,500,37.924609422683716,187
30000,2.273e-06,1,0.01,256,500,42.364489793777466,94
30000,1.784e-07,1,0.001,256,500,43.88218283653259,49
30000,1.151e-06,1,0.0001,256,500,41.8239352107048,80
30000,6.666e-02,2,0.1,256,500,34.40277487039566,184
30000,1.758e-06,2,0.01,256,500,33.198993265628815,87
30000,1.046e-05,2,0.001,256,500,30.23441880941391,109
30000,1.636e-07,2,0.0001,256,500,32.61630046367645,47
30000,6.562e-02,3,0.1,256,500,36.25208067893982,161
30000,2.555e-06,3,0.01,256,500,35.8733429312706,97
30000,1.898e-06,3,0.001,256,500,35.60510557889938,91
30000,6.483e-08,3,0.0001,256,500,36.27280908823013,27
30000,6.540e-02,1,0.1,512,100,13.227387368679047,147
30000,4.737e-08,1,0.01,512,100,10.784168660640717,16
30000,2.014e-06,1,0.001,512,100,8.944337248802185,93
30000,3.881e-03,1,0.0001,512,100,10.403436422348022,144
30000,6.575e-02,2,0.1,512,100,7.642069160938263,170
30000,3.661e-07,2,0.01,512,100,6.008686363697052,59
30000,1.054e-06,2,0.001,512,100,5.800742328166962,78
30000,1.536e-03,2,0.0001,512,100,6.108668744564056,143
30000,6.567e-02,3,0.1,512,100,6.040351152420044,164
30000,5.927e-06,3,0.01,512,100,6.682634890079498,104
30000,1.124e-07,3,0.001,512,100,6.437041223049164,36
30000,2.173e-04,3,0.0001,512,100,7.4765114188194275,136
30000,6.541e-02,1,0.1,512,175,11.64187616109848,150
30000,1.836e-08,1,0.01,512,175,15.486596763134003,3
30000,5.951e-07,1,0.001,512,175,14.955267012119293,67
30000,4.200e-04,1,0.0001,512,175,15.24599003791809,141
30000,6.544e-02,2,0.1,512,175,12.904001951217651,153
30000,5.382e-08,2,0.01,512,175,9.324321389198303,18
30000,1.529e-07,2,0.001,512,175,9.77686220407486,44
30000,1.530e-04,2,0.0001,512,175,9.201649963855743,132
30000,6.569e-02,3,0.1,512,175,10.500427484512329,168
30000,7.106e-05,3,0.01,512,175,10.803117573261261,128
30000,6.197e-08,3,0.001,512,175,11.209282040596008,25
30000,1.517e-05,3,0.0001,512,175,10.360800564289093,113
30000,6.541e-02,1,0.1,512,300,20.944255590438843,149
30000,2.427e-08,1,0.01,512,300,26.566973388195038,7
30000,4.749e-07,1,0.001,512,300,24.15965974330902,62
30000,5.136e-05,1,0.0001,512,300,24.58951038122177,125
30000,6.549e-02,2,0.1,512,300,17.701176583766937,155
30000,1.690e-04,2,0.01,512,300,16.370234787464142,134
30000,4.551e-08,2,0.001,512,300,15.666865408420563,15
30000,1.135e-05,2,0.0001,512,300,12.92743867635727,110
30000,6.600e-02,3,0.1,512,300,16.611340522766113,175
30000,6.466e-07,3,0.01,512,300,15.547434568405151,68
30000,6.598e-08,3,0.001,512,300,17.182064056396484,28
30000,1.330e-06,3,0.0001,512,300,16.508365213871002,83
30000,6.552e-02,1,0.1,512,500,34.77378284931183,156
30000,2.146e-05,1,0.01,512,500,43.05489432811737,118
30000,2.711e-07,1,0.001,512,500,38.95161306858063,54
30000,6.301e-06,1,0.0001,512,500,38.31132519245148,105
30000,6.557e-02,2,0.1,512,500,27.488260865211487,160
30000,1.256e-07,2,0.01,512,500,27.92484337091446,39
30000,1.511e-08,2,0.001,512,500,24.044717133045197,1
30000,9.281e-06,2,0.0001,512,500,23.248844802379608,108
30000,6.541e-02,3,0.1,512,500,26.97837346792221,148
30000,5.569e-08,3,0.01,512,500,25.995501816272736,19
30000,2.124e-08,3,0.001,512,500,27.56929385662079,4
30000,1.845e-07,3,0.0001,512,500,25.158738672733307,50
